,PG9,10-1074,PGT121,b12,2G12,3BNC117,PGDM1400,2F5,VCR01,4E10
0,0.017826,5.47259,20.0,100.0,100.0,0.2787,0.0034886,100.0,0.089812,0.071515
1,0.0082374,0.024359,0.018439,39.2,100.0,0.010762,0.0033947,100.0,0.019142,6.71561
2,0.001,40.0,2.17917,100.0,100.0,0.1,0.001,100.0,0.36,8.1
3,0.090744,40.0,40.0,0.46236,100.0,40.0,0.0044821,100.0,1.19098,2.28582
4,49.0,100.0,31.8,100.0,100.0,12.1,0.0063048,100.0,0.1644,1.54752
5,1.71701,0.14914,0.042,100.0,29.4,0.18096,0.009316,24.6,0.124,2.07678
6,0.66,0.017265,0.052548,100.0,29.4,0.38,0.0033775,24.6,0.57557,24.1227
7,0.91,100.0,0.04706,50.0,50.0,0.07,14.4258,8.3,16.2,10.1
8,0.91,0.02003,50.0,50.0,50.0,0.39,20.0,10.0,5.37,16.9
9,0.015813,40.0,0.02021,50.0,50.0,0.021833,0.003411,9.8,2.18,12.2
10,0.08,40.0,14.4983,100.0,0.89363,0.05,100.0,13.1128,0.061183,3.94344
11,6.87,0.954,40.0,3.2,9.72,2.46,12.572,16.24,0.4,0.95
12,0.04,20.0,0.26798,50.0,50.0,0.09,3.97995,50.0,14.11,50.0
13,0.58,5.875,20.0,50.0,50.0,0.07,0.12993,50.0,0.51,14.38
14,0.01,20.0,20.0,50.0,50.0,0.08,20.0,50.0,0.07,50.0
15,100.0,0.288,20.0,50.0,50.0,0.16594,1.89138,50.0,0.49,50.0
16,0.83,20.0,1.597,100.0,28.3,0.11,0.396,5.35926,0.1226,7.63407
17,0.38,20.0,20.0,50.0,50.0,50.0,1.707,50.0,0.41,5.6
18,0.18,20.0,20.0,50.0,50.0,0.12,0.034,50.0,50.0,3.6
19,0.37,20.0,20.0,50.0,50.0,50.0,0.006,50.0,2.42,0.33
20,100.0,20.0,20.0,50.0,50.0,0.015391,0.00088891,50.0,50.0,4.75
21,0.0036148,20.0,20.0,100.0,1.4,0.20914,0.057,3.9,0.036157,2.4
22,20.0,0.267,20.0,15.2297,100.0,40.0,0.105,6.80437,0.2,2.47655
23,20.0,20.0,20.0,100.0,100.0,40.0,0.074,2.8,0.27563,4.2
24,0.087,20.0,20.0,3.04533,100.0,0.398,0.018,15.4,0.91,6.82005
25,0.375,0.177,20.0,100.0,100.0,0.177,0.068,100.0,1.49,4.6
26,20.0,0.0017826,1.094,100.0,100.0,0.225,0.075,100.0,0.7170000000000001,23.1
27,1.557,0.010782,0.04,10.03,20.0,1.149,0.162,2.079,0.098,3.355
28,0.112,0.099491,0.09,13.53,20.0,0.608,0.201,7.927,1.517,2.945
29,0.236,0.047775,0.02,50.0,20.0,0.083,0.111,20.0,4.058,6.703
30,0.04,0.103,0.29,2.97,20.0,3.013,0.261,3.38,0.813,1.809
31,0.334,0.298,0.01,6.61,20.0,4.563,0.082,0.08,0.405,4.046
32,20.0,40.0,0.01,1.63,20.0,1.581,0.069,1.446,8.433,0.399
33,0.6,40.0,0.01,50.0,20.0,0.03374,0.103,5.258,3.2310000000000003,2.95
34,50.0,0.034606,0.01,50.0,20.0,0.021147,0.111,0.425,1.153,0.419
35,0.05,0.052,0.01,50.0,20.0,0.082795,0.0018896,1.212,0.23,2.804
36,2.97,0.238,0.0025733,1.83587,20.0,0.27506,20.0,19.09,1.01,18.73
37,0.43,0.21,0.58,50.0,20.0,0.528,0.2702,1.62,0.78,4.23
38,0.1,0.03,0.02,20.97,20.0,0.028,100.0,2.36,5.0,2.12
39,4.46,100.0,0.04,20.61,20.0,0.004,0.001,1.01,0.05,18.17
40,50.0,100.0,50.0,50.0,20.0,50.0,42.033,5.57,0.12,14.19
41,50.0,100.0,50.0,11.29,1.58,50.0,0.0021084,8.36,1.67,16.37
42,0.26423,0.098,0.0057054,50.0,50.0,50.0,100.0,10.0,0.66,14.61
43,0.24,100.0,0.06,8.56,0.14,50.0,100.0,6.36,0.19,10.72
44,50.0,0.123,0.01,12.8,0.29,3.298,100.0,50.0,0.19541,50.0
45,50.0,100.0,0.01,50.0,0.1,40.0,0.21889,5.66256,0.12,5.06444
46,12.86,100.0,0.03,50.0,0.06,0.072,100.0,1.49,0.44,4.99
47,50.0,0.103,1.88,20.94,0.06,0.251,4.337,6.58,0.5,5.19
48,0.18771,100.0,50.0,50.0,0.33,0.192,4.261,6.67,0.8,15.3
49,24.96,20.0,0.02,50.0,0.18,0.03,0.0015052,8.43,0.07,21.24
50,6.9,0.062,0.069983,3.6,2.6,0.082,0.001,17.92,0.12225,14.74
51,2.8,20.0,0.014605,0.5,0.65,0.015,0.001,2.4,0.15,3.14795
52,50.0,20.0,40.0,6.23016,0.23,0.093,0.008,8.71,0.96,13.87
53,0.32,0.033,2.13415,1.34904,0.12,0.108,0.005,5.52,0.39,9.35
54,1.11,20.0,40.0,16.15,0.74,0.101,100.0,10.02,1.99,15.31
55,50.0,20.0,40.0,4.71,50.0,0.072,100.0,50.0,0.4,50.0
56,100.0,20.0,0.40313,50.0,50.0,0.097,100.0,1.43,1.41,2.49
57,7.63795,0.24,0.074,100.0,0.43,0.054,100.0,1.26,0.64,1.31
58,1.16,20.0,0.125,100.0,0.22,0.052,100.0,19.04,1.01474,50.0
59,8.38,20.0,0.076,100.0,50.0,0.046,100.0,21.8,0.91876,50.0
60,0.12,2.214,0.036,50.0,150.0,3.728,100.0,3.9,31.13,5.6
61,50.0,20.0,100.0,13.25,50.0,2.737,100.0,50.0,2.09,1.21692
62,0.94,20.0,100.0,4.27,0.1,0.354,100.0,0.4,0.08,0.61665
63,0.77,0.134,100.0,50.0,0.07,0.107,100.0,4.34,0.11,2.83
64,0.04,20.0,0.116,100.0,50.0,0.097,100.0,0.2,50.0,0.8
65,0.67,20.0,100.0,14.8656,50.0,2.387,100.0,50.0,50.0,13.5
66,0.017658,0.365,0.124,100.0,50.0,0.593,100.0,100.0,50.0,4.15
67,0.509,20.0,100.0,50.0,22.9,0.58,100.0,100.0,50.0,3.3
68,20.0,1.091,100.0,100.0,50.0,4.853,100.0,100.0,3.44,25.42
69,20.0,20.0,0.089,42.8371,100.0,0.304,100.0,50.0,0.4971899999999999,1.16
70,20.0,20.0,100.0,100.0,100.0,0.842,100.0,50.0,20.0,20.53
71,0.549,0.70424,20.0,100.0,100.0,0.067,100.0,50.0,3.035,1.69
72,20.0,0.0014532,2.693,50.0,50.0,0.377,100.0,50.0,0.944,3.56
73,0.076,0.036,20.0,100.0,50.0,3.951,100.0,36.0,0.357,39.9
74,0.034,0.006,20.0,50.0,0.84,26.1499,100.0,50.0,0.4679999999999999,2.22492
75,20.0,100.0,0.979,50.0,50.0,0.073432,0.443,5.773,4.254,2.536
76,0.61,0.033083,20.0,50.0,100.0,0.84,0.399,6.537,1.79,9.595
77,0.356,0.019,20.0,50.0,50.0,0.007,0.273,0.411,1.327,0.824
78,0.478,0.025,20.0,22.7,20.0,0.26,0.491,20.0,20.0,8.88
79,0.155,14.64,0.376,50.0,20.0,0.067875,0.47,5.187,2.596,2.628
80,0.077,20.0,20.0,0.82,20.0,0.041,0.382,4.75,2.484,5.28
81,2.382,0.012,20.0,2.31,20.0,0.011,0.492,20.0,0.685,1.475
82,0.099,0.277,20.0,100.0,20.0,0.015,0.245,3.517,2.52,5.43
83,6.055,0.239,20.0,2.27,20.0,0.11991,0.285,3.774,0.0933679999999999,2.496
84,0.013186,20.0,20.0,14.24,20.0,100.0,100.0,7.139,3.55294,8.828
85,3.10139,0.033,0.432,100.0,20.0,0.355,100.0,0.984,0.1302299999999999,1.271
86,100.0,40.0,20.0,42.36,20.0,0.008,100.0,0.709,2.08,0.459
87,20.0,40.0,20.0,100.0,20.0,40.0,100.0,20.0,0.02,2.071
88,0.02,0.095,2.347,8.39,20.0,5.147,100.0,100.0,0.413,1.6984
89,0.025931,0.005,20.0,100.0,20.0,0.046,100.0,50.0,0.1234599999999999,50.0
90,20.0,0.002,20.0,100.0,20.0,19.801,100.0,100.0,0.35,0.19796
91,7.51771,0.008,20.0,100.0,20.0,40.0,100.0,100.0,9.534,0.95515
92,0.023488,0.008,0.50586,100.0,20.0,0.166,100.0,100.0,0.177,2.92
93,0.01,0.004,5.59498,100.0,20.0,0.034,100.0,100.0,0.78089,1.75
94,0.14,100.0,0.0031501,100.0,20.0,0.03,100.0,14.8,18.889,9.69715
95,0.28,100.0,0.024771,100.0,20.0,0.02,100.0,100.0,2.123,4.4
96,0.07,100.0,0.0014422,100.0,20.0,0.034,0.004,11.72,11.315,9.08
97,0.04,100.0,100.0,2.88,20.0,0.027,0.022,11.38,0.54098,16.88
98,0.03,100.0,0.024239,19.79,20.0,0.014,0.169,2.88,0.47,6.42549
99,20.0,0.014,0.0077639,21.76,100.0,0.008,0.004,1.13,0.84,0.93
100,0.01,0.009,0.572,100.0,50.0,0.042,0.003,0.5,1.73,0.1442
101,20.0,0.007,100.0,100.0,100.0,0.039,0.005,2.5,20.0,2.5
102,0.14,0.012,20.0,100.0,100.0,0.026,0.001,100.0,0.44,13.79
103,0.48,0.013,0.002,100.0,100.0,0.02,0.001,3.86,0.086,3.18
104,9.69,100.0,3.513,6.3,100.0,0.017,0.002,100.0,0.095,10.9
105,4.19,100.0,1.498,100.0,50.0,0.025,0.003,49.69,0.083,3.07
106,20.0,100.0,20.0,100.0,100.0,0.028,0.001,100.0,0.218,4.87
107,0.26,100.0,0.025137,7.9,50.0,0.016,0.001,100.0,0.102,6.06
108,20.0,100.0,40.0,100.0,50.0,0.013,0.002,100.0,0.039,4.81
109,20.0,100.0,40.0,100.0,50.0,0.013,0.005,100.0,0.03,15.4
110,20.0,0.041,0.033801,100.0,50.0,0.02,0.004,100.0,0.061,1.14
111,0.074192,0.011,0.012,0.12567,21.15,0.025,0.003,100.0,0.118,100.0
112,20.0,0.032,0.038,5.39,50.0,0.015,0.022,100.0,0.172,44.77
113,0.01,0.028,0.981,100.0,100.0,0.117,0.019,100.0,0.081,5.74
114,2.42,100.0,0.04,100.0,50.0,0.032,0.017,46.58,0.129,13.77
115,0.04,100.0,0.004,3.49907,100.0,0.128,0.002,100.0,0.214,17.23
116,0.34,100.0,100.0,100.0,100.0,0.099,0.017,45.96,0.094,3.97
117,20.0,100.0,100.0,50.0,100.0,0.184,0.001,100.0,0.109,25.92
118,20.0,100.0,100.0,100.0,100.0,0.159,0.387,100.0,0.051,22.1
119,0.1,0.305,100.0,15.0854,100.0,0.161,0.114,100.0,0.113,50.0
120,1.04128,100.0,100.0,50.0,100.0,0.161,0.2,3.95,0.127,1.74
121,0.041091,0.286,0.05,20.0664,100.0,0.133,0.396,0.96,0.098,0.47
122,0.01,0.337,0.029,100.0,100.0,0.179,0.724,100.0,0.14,41.6
123,0.03,0.242,0.032,2.35521,2.1,0.004,0.404,4.7,0.989,4.2906
124,0.24453,0.878,0.051,100.0,100.0,0.16,0.327,100.0,0.306,3.13
125,0.033705,100.0,0.058,100.0,2.07,0.134,0.452,100.0,1.514,22.2
126,0.024436,100.0,100.0,12.9,100.0,0.263,0.31,100.0,1.037,29.0
127,0.14003,0.557,100.0,50.0,100.0,0.003,0.367,45.56,2.235,3.48
128,0.052446,100.0,100.0,36.9,100.0,0.369,3.358,100.0,1.284,17.07
129,0.035202,0.446,100.0,16.64,100.0,0.345,100.0,100.0,1.716,8.28
130,1.21424,100.0,100.0,100.0,100.0,0.187,1.968,100.0,1.009,4.0
131,0.025559,0.104,100.0,50.0,50.0,0.107,100.0,100.0,1.423,6.6
132,0.13742,0.1,0.012,100.0,50.0,0.238,100.0,13.8791,0.18,19.6631
133,0.28247,0.023,0.007,100.0,100.0,0.316,100.0,0.24,0.019,0.57
134,1.47424,0.037,0.013,0.8065,38.3,0.103,100.0,100.0,0.125,3.9
135,0.13,0.029,0.008,100.0,100.0,0.199,100.0,27.9,0.092,16.84
136,0.06,0.032,100.0,100.0,100.0,100.0,100.0,100.0,0.294,0.75594
137,0.1,100.0,100.0,100.0,100.0,0.659,100.0,1.03551,0.016,6.24352
138,0.16,100.0,100.0,1.30471,100.0,0.018,100.0,1.32003,0.377,2.07207
139,0.24,100.0,100.0,0.4,100.0,0.016,100.0,1.95,0.265,1.71811
140,0.10237,100.0,100.0,0.2,100.0,0.373,100.0,50.0,0.187,7.60343
141,2.14576,100.0,0.148,100.0,100.0,0.012,100.0,50.0,0.09,0.54854
142,20.0,100.0,0.512,100.0,100.0,0.501,0.409,42.4752,0.172,2.90226
143,20.0,0.15,0.154,100.0,50.0,0.051,0.335,100.0,0.2019999999999999,1.51486
144,0.43994,0.243,0.175,50.0,50.0,100.0,0.469,100.0,0.27,3.3725
145,0.02,0.148,0.069,50.0,100.0,0.009,0.392,100.0,0.186,0.5584
146,28.004,0.203,0.036,1.9,100.0,0.637,0.44,100.0,0.1369999999999999,0.27322
147,0.10807,0.284,100.0,50.0,0.67071,0.137,0.31,0.9,0.282,0.7
148,0.02,100.0,100.0,15.5552,100.0,2.728,0.348,11.1,0.031,17.6
149,0.35,100.0,0.217,3.9,50.0,0.043,0.429,36.33,0.07,2.89
150,20.0,100.0,100.0,50.0,100.0,0.132,0.42,3.59,0.347,1.51
151,20.0,100.0,0.245,50.0,50.0,0.184,0.328,100.0,0.0139999999999999,13.59
152,20.0,100.0,100.0,50.0,46.89,1.125,0.34,0.8,0.306,0.2
153,20.0,0.019,0.067,50.0,100.0,0.129,0.159,100.0,0.125,11.69
154,0.32076,0.008,0.066,50.0,100.0,0.576,2.449,100.0,0.314,17.63
155,50.0,0.008,0.016,100.0,100.0,0.61,0.13,100.0,0.015,1.28237
156,50.0,0.014,0.012,0.12119,9.50406,0.202,0.274,100.0,0.588,0.62554
157,50.0,0.014,0.012,100.0,100.0,0.048,0.108,100.0,0.256,16.81
158,50.0,100.0,0.011,16.7893,50.0,0.012,0.133,100.0,0.432,10.83
159,50.0,100.0,100.0,8.18804,2.2,0.018,0.185,0.80759,0.212,2.65832
160,20.0,100.0,100.0,100.0,46.25,0.071,0.153,0.2,0.456,2.0
161,1.11,100.0,100.0,100.0,100.0,0.074,100.0,0.7,0.441,35.9
162,20.0,100.0,100.0,2.1,100.0,0.048,100.0,100.0,0.726,13.2464
163,20.0,100.0,100.0,9.32,2.1,0.037,100.0,12.4,0.281,4.7163
164,20.0,100.0,100.0,100.0,100.0,0.095,100.0,14.3173,0.583,0.7
165,20.0,100.0,0.027,50.0,100.0,0.036,100.0,7.62,0.805,20.6
166,20.0,100.0,0.041,100.0,100.0,0.005,100.0,50.0,1.7719999999999998,1.1
167,0.14,0.006,0.023,100.0,29.3226,0.001,100.0,50.0,0.3989999999999999,14.4
168,2.79,0.006,0.072,100.0,100.0,0.006,100.0,1.9,0.12,10.2658
169,0.14,0.006,0.06,13.9234,100.0,0.001,100.0,11.2,0.076,14.0
170,0.026268,0.005,100.0,100.0,100.0,0.54,100.0,100.0,0.368,5.8
171,100.0,0.009,5.232,100.0,100.0,0.28,100.0,100.0,0.355,13.2
172,0.059799,100.0,100.0,13.8,100.0,0.175,0.153,50.0,0.293,17.1
173,0.12255,100.0,100.0,100.0,100.0,0.167,0.12,50.0,0.155,8.4
174,0.03,100.0,100.0,100.0,100.0,0.146,0.159,50.0,0.741,14.0
175,1.86515,100.0,0.007,0.99531,100.0,0.123,0.002,50.0,0.161,36.98
176,20.0,100.0,0.004,0.061479,50.0,0.15,0.011,50.0,0.05,3.19628
177,20.0,0.054,0.003,50.0,2.5,0.288,100.0,100.0,0.004,2.31033
178,0.15,0.054,0.005,50.0,50.0,0.195,1.591,18.6224,0.0289999999999999,2.05927
179,50.0,0.037,0.004,50.0,50.0,0.183,100.0,4.51789,0.005,12.8293
180,0.025883,0.054,45.41,29.2,100.0,6.836,0.016,2.4,2.468,1.4
181,0.26,0.046,100.0,50.0,100.0,0.035,0.994,41.8913,0.526,1.28746
182,20.0,100.0,25.626,100.0,50.0,0.034,100.0,100.0,0.613,2.0
183,0.044233,100.0,100.0,50.0,50.0,0.04,13.019,3.34391,0.4039999999999999,100.0
184,0.13,100.0,100.0,50.0,50.0,0.042,100.0,4.3,0.509,3.22
185,20.0,100.0,100.0,50.0,50.0,0.048,0.001,100.0,0.5589999999999999,4.65339
186,0.0048874,100.0,2.903,50.0,50.0,0.043,0.006,100.0,0.537,2.87283
187,20.0,100.0,100.0,50.0,100.0,0.355,100.0,6.7401,1.6,1.32
188,0.019084,0.025,2.38,50.0,100.0,0.04,2.262,6.99143,0.713,6.73302
189,50.0,0.053,0.002,50.0,100.0,0.033,46.913,100.0,0.605,6.91632
190,0.03,0.032,0.005,0.1273,100.0,0.043,0.061664,100.0,0.204,1.6
191,10.02,0.026,0.006,50.0,1.65479,0.226,50.0,3.80749,0.166,31.6
192,5.86268,100.0,0.003,50.0,100.0,0.243,0.015,100.0,0.21,4.5
193,0.36,100.0,0.004,11.7,100.0,0.228,18.207,100.0,0.142,1.62189
194,1.11,0.044,0.064,100.0,100.0,0.215,0.027,3.4,0.158,6.03298
195,0.42,100.0,0.03,100.0,100.0,0.184,0.003,3.7728,0.149,0.81479
196,0.6,0.001,0.024,100.0,100.0,0.303,100.0,100.0,0.281,2.32403
197,0.58,0.007,0.006,0.14727,50.0,0.35,100.0,100.0,0.2289999999999999,1.58
198,0.24,0.002,0.067,1.71308,1.9616,0.241,0.299,0.83553,0.316,7.0
199,7.5,0.057,0.012,50.0,100.0,0.098,0.12,0.71,0.155,0.040509
200,0.14175,0.001,0.01,50.0,100.0,0.017,0.024,3.48,0.156,2.7
201,0.18,100.0,0.008,100.0,100.0,0.057,0.033,0.46844,1.075,100.0
202,0.02,100.0,0.007,100.0,100.0,0.171,0.034,1.3,0.843,0.9
203,0.05,100.0,0.013,100.0,100.0,0.072,0.007,0.8,0.6559999999999999,50.0
204,20.0,100.0,100.0,0.48292,100.0,0.197,0.015,100.0,0.6729999999999999,50.0
205,20.0,100.0,100.0,80.0,4.9687,0.017,0.015,1.7,0.653,50.0
206,0.11294,100.0,100.0,100.0,100.0,0.035,0.015,50.0,0.889,50.0
207,0.10219,100.0,100.0,50.0,0.37684,0.048,0.02,50.0,0.04,50.0
208,2.67,100.0,100.0,50.0,27.1359,0.04,0.02,50.0,0.8240000000000001,17.76
209,0.03,100.0,100.0,17.7,50.0,0.017,0.02,50.0,0.642,0.31833
210,20.0,0.005,0.013,50.0,50.0,0.03,0.024,50.0,0.146,50.0
211,0.01,0.196,0.021,50.0,50.0,0.04,0.028,50.0,0.474,50.0
212,0.40011,0.053,0.018,100.0,0.8,0.011,0.0074406,50.0,1.085,2.8
213,0.19626,40.0,0.015,50.0,50.0,40.0,0.001,50.0,0.408,29.5
214,100.0,40.0,9.092,100.0,100.0,0.366,0.659,5.0,0.57,15.9
215,0.19,8.535,1.539,100.0,50.0,0.303,3.329,100.0,0.075,49.1
216,0.63274,40.0,0.013,100.0,50.0,0.13,0.208,100.0,0.212,1.44257
217,100.0,0.611,1.034,1.67302,50.0,0.175,1.251,100.0,0.108,9.73688
218,1.74453,0.108,0.001,28.0964,50.0,0.192,0.563,100.0,0.292,50.0
219,100.0,0.006,0.028,100.0,50.0,40.0,100.0,0.24268,0.156,50.0
220,20.0,0.58,0.013,31.5,50.0,40.0,2.451,50.0,0.284,6.11941
221,100.0,4.152,0.089,100.0,50.0,0.335,100.0,50.0,0.5760000000000001,23.5
222,20.0,40.0,0.003,100.0,0.3955,18.336,1.034,100.0,0.111,10.8355
223,200.0,100.0,15.914,0.17386,50.0,40.0,1.401,100.0,20.0,0.0049878
224,0.25911,0.551,100.0,100.0,50.0,40.0,0.522,9.5,0.16,0.13128
225,0.042421,0.12042,31.837,15.7312,0.3,0.157,100.0,0.13913,0.54,100.0
226,0.06723,0.043,100.0,100.0,29.6,0.401,100.0,100.0,0.4,0.72453
227,20.0,40.0,38.602,100.0,100.0,40.0,100.0,100.0,1.01,3.3
228,0.027378,40.0,100.0,100.0,100.0,0.34696,100.0,0.39612,0.39,2.06338
229,0.015483,40.0,100.0,4.48191,1.84138,5.812,100.0,2.9,20.0,8.5769
230,100.0,0.925,100.0,100.0,2.64393,1.073,0.001,3.7,20.0,0.34393
231,0.0091678,0.015,100.0,100.0,8.77,0.165,0.001,12.8,1.72,7.59305
232,100.0,0.016,0.0075595,0.84853,50.0,1.025,0.0033969,50.0,0.4,8.02
233,0.06,0.004,0.48794,19.62,100.0,15.496,0.0064622,100.0,20.0,3.37306
234,0.01,0.001,3.41732,14.4,100.0,0.089,0.0034461,2.26,20.0,18.039
235,0.02259,0.003,1.37454,50.0,100.0,1.582,0.00678,6.57744,1.1,4.15532
236,0.44,0.001,40.0,50.0,100.0,6.983,0.0043621,100.0,0.7240000000000001,0.295
237,100.0,0.001,4.502,100.0,2.0466,42.495,0.0060313,11.2,20.0,0.485
238,0.0096583,100.0,40.0,50.0,100.0,0.601,0.48756,0.649,16.9076,0.737
239,1.97,100.0,0.69214,11.1707,50.0,3.646,0.0045608,1.959,20.0,0.073
240,2.92606,100.0,0.048578,21.2,50.0,1.04,0.0043836,0.277,5.27,0.39203
241,0.002,100.0,0.050538,8.9,50.0,0.019,0.012482,0.061,0.31,11.8529
242,0.03,100.0,1.359,50.0,0.6,0.065,0.87647,3.25927,20.0,8.031
243,0.31,100.0,0.12936,50.0,50.0,0.049,0.062,30.9839,3.08,10.5066
244,0.046883,100.0,40.0,24.0,100.0,0.038,0.376,11.2,0.14,13.8
245,0.16,100.0,100.0,50.0,15.4915,0.075,0.022,20.3032,9.77,0.934
246,0.02,100.0,1.14334,6.5512,100.0,0.064,0.213,11.6,0.44,0.85372
247,3.27,10.0,1.12438,50.0,100.0,0.053,0.005,100.0,0.28,1.05
248,20.0,20.0,0.076994,41.3,2.3767,0.081,0.011082,0.219,0.34606,3.00785
249,0.14,0.023,40.0,100.0,100.0,0.087,0.64784,0.33,0.109,100.0
250,0.14,0.01,40.0,100.0,100.0,0.0465,100.0,100.0,20.0,6.74091
251,100.0,0.101,40.0,100.0,100.0,0.24429,0.048,100.0,8.41,1.63725
252,0.05,0.152,0.003,50.0,100.0,0.027,0.036,100.0,0.045162,1.24897
253,0.18,0.032,0.00171,50.0,100.0,0.015,0.065,100.0,100.0,14.5
254,50.0,0.009,0.016327,50.0,100.0,0.034,0.042,0.1,0.28658,14.3
255,0.04,0.001,0.08111,80.0,100.0,0.034,0.073,100.0,4.6104400000000005,25.0388
256,200.0,0.008,0.001,100.0,100.0,0.031,0.053,8.4,0.14324,5.2
257,0.6864,0.018,0.001,50.0,100.0,0.019,0.047,19.4112,0.54438,13.052
258,0.051327,0.026,0.001,23.3,100.0,0.015,0.051,100.0,0.68967,0.06
259,0.058917,0.001,0.001,22.0,100.0,0.011,0.047,50.0,0.56625,9.0
260,200.0,0.029,100.0,50.0,44.1,0.015,0.096,50.0,0.20909,17.0292
261,0.028864,0.084,100.0,50.0,100.0,0.017,0.065,100.0,0.20492,0.56454
262,0.007746,0.015,100.0,0.098307,100.0,0.006,100.0,50.0,0.26061,0.35
263,0.03873,100.0,100.0,100.0,50.0,0.01,2.169,50.0,2.64,3.0
264,0.11415,0.043,100.0,50.0,2.46,0.031,2.481,50.0,1.6,2.77849
265,0.2155,40.0,100.0,50.0,100.0,0.009,0.782,50.0,0.41,4.90902
266,0.21043,0.001,100.0,50.0,50.0,0.02,0.231,2.37529,0.88,3.6
267,0.0498,0.015357,100.0,50.0,50.0,0.019,0.288,50.0,0.68,3.6
268,41.79,100.0,100.0,1.14,100.0,40.0,0.317,100.0,0.21134,0.105
269,100.0,50.0,20.0,100.0,2.48195,40.0,0.424,50.0,1.1759,4.36
270,3.33218,100.0,20.0,100.0,50.0,0.027916,0.235,50.0,1.16,2.9
271,1.18,20.0,5.252,300.0,50.0,100.0,0.22,50.0,1.37,23.17
272,100.0,0.028933,3.26,9.46,50.0,0.1018,0.155,100.0,0.1469099999999999,18.9
273,0.44098,0.0066747,0.083,400.0,50.0,0.031545,0.163,100.0,0.42,35.2
274,1.3,0.0080362,100.0,400.0,50.0,0.087642,0.085,100.0,1.40872,4.5
275,0.44145,0.014841,3.021,11.844,100.0,0.13639,0.108,100.0,0.15708,2.53772
276,0.046476,0.22888,36.731,300.0,50.0,100.0,0.015,50.0,0.251,1.15
277,0.90615,0.006299,4.787,100.0,50.0,0.1389,4.3,50.0,0.59,1.01973
278,4.11071,40.0,0.072,100.0,50.0,0.048113,0.039,50.0,1.25,6.8
279,100.0,40.0,15.419,100.0,100.0,0.027546,0.18463,1.54783,5.62,17.13
280,0.006,40.0,1.003,1.01,100.0,0.1384,0.070908,100.0,20.0,7.1
281,100.0,2.057,2.217,100.0,100.0,1.141,0.37,3.09,2.56,11.0
282,0.028,0.17,45.141,100.0,100.0,0.304,0.96,7.4,3.68,2.51058
283,33.4602,0.002129,100.0,0.07,50.0,0.707,2.06,16.5,0.1228,13.32
284,0.59564,0.0056829,100.0,300.0,50.0,0.268,4.51,6.26658,2.93,1.10577
285,40.608,12.928,100.0,0.93,50.0,0.141,8.88,50.0,1.17,19.9774
286,0.158,0.004,100.0,21.38,0.62754,0.064361,20.0,1.52806,3.47,2.32659
287,100.0,0.006,0.5805,100.0,100.0,0.079708,0.038584,100.0,5.47,14.4
288,0.085,0.004,0.001,100.0,50.0,1.736,1.36,0.80665,2.21,1.1
289,100.0,100.0,0.15691,4.17,100.0,0.015,3.25,2.8,20.0,4.8
290,0.63006,100.0,50.0,46.95,33.4,0.012,6.98,2.0,20.0,0.10618
291,0.0026207,100.0,40.0,100.0,50.0,0.003,8.24,5.8,20.0,2.57
292,0.077,100.0,50.0,6.92,50.0,0.021,6.35,1.02985,20.0,2.87569
293,20.0,100.0,20.0,100.0,0.51641,0.025,8.91,100.0,20.0,14.53
294,100.0,100.0,0.017339,50.0,100.0,0.014,20.0,50.0,20.0,100.0
295,0.67023,100.0,0.010769,100.0,50.0,0.016,0.02,10.41,20.0,5.2285
296,0.058548,100.0,0.02718,1.52,50.0,0.014,7.74,39.08,1.63,2.2
297,0.23545,40.0,0.12824,0.42,14.6,0.016,0.006,6.62167,20.0,8.88
298,0.062,0.001,0.95335,100.0,50.0,0.018,0.0049638,8.22,0.18,12.88
299,0.063,0.001,0.17525,0.1,100.0,0.013,100.0,8.63,0.077961,0.63809
300,0.041,0.001,0.7063,1.22328,4.84,0.64,0.0050443,100.0,0.071774,13.58
301,0.077,0.002,40.0,9.30386,0.45867,0.014,0.039997,12.98,0.048566,7.46
302,9.362,0.001,40.0,2.66626,22.47,0.043,0.001,8.61,0.089114,4.94
303,20.0,0.003,1.13176,0.15731,26.14,0.066,100.0,3.81,0.26,12.15
304,100.0,0.051,0.48827,50.0,2.13414,0.056,100.0,100.0,0.05212,1.6
305,22.5258,0.002,0.0020393,10.12,100.0,0.033,0.008,1.6,0.81,0.37229
306,0.14738,0.001,0.0061028,50.0,17.2,0.084,0.002,100.0,0.5,4.55
307,0.45,0.001,40.0,100.0,100.0,0.055,30.1,100.0,0.69,15.52
308,20.0,0.001,0.002,100.0,100.0,0.091,6.223,100.0,0.76,12.33
309,40.0,0.001,0.001,100.0,100.0,0.072,100.0,7.61,0.091148,10.6
310,40.0,0.001,0.001,100.0,100.0,0.058,0.0037114,3.3,0.31,7.63
311,0.28,100.0,100.0,100.0,100.0,0.071,100.0,100.0,3.34535,2.96596
312,0.22,20.0,100.0,50.0,100.0,0.031,2.337,1.92,0.3259599999999999,9.72
313,0.21,40.0,100.0,0.5648,100.0,0.057,20.0,100.0,0.06,0.10575
314,0.10124,0.022197,100.0,50.0,2.9,0.041,0.0037469,100.0,2.26,1.91
315,0.033339,0.40577,100.0,50.0,100.0,0.80846,0.025131,100.0,100.0,2.46
316,0.010661,0.02,100.0,50.0,100.0,0.655,100.0,100.0,0.96093,0.53
317,0.080211,0.02,100.0,3.09,100.0,0.25673,100.0,100.0,0.6942699999999999,100.0
318,0.7,0.02,100.0,0.10215,100.0,0.092951,0.002,100.0,0.1477099999999999,100.0
319,6.0,0.02,40.0,0.076233,0.55,2.02,0.005,100.0,3.2,2.18386
320,1.21,0.02,8.893,0.47305,100.0,2.02,0.01,100.0,19.05,1.06363
321,2.12,0.02,3.415,1.08397,100.0,4.51,0.008,1.43,0.011,0.37901
322,0.68,0.0089644,5.129,3.38601,100.0,6.74,0.02,0.92886,50.0,0.5162
323,11.61,0.04,0.001,100.0,100.0,3.33,0.027589,0.34082,50.0,4.632
324,1.05,0.02,2.816,13.2963,7.22,4.21,100.0,20.0,0.05,3.652
325,3.26,0.02,100.0,3.59,48.12,0.031463,100.0,20.0,0.06,3.658
326,1.29,0.02,100.0,50.0,13.91,0.95,100.0,20.0,0.05,4.251
327,11.12,0.02,100.0,50.0,100.0,0.46,20.853,20.0,0.13,2.364
328,0.86,1.02,100.0,50.0,50.0,0.49,100.0,20.0,1.47,2.023
329,4.22,1.54,100.0,50.0,100.0,1.14,100.0,20.0,0.016786,7.33
330,0.59,0.02,100.0,50.0,100.0,0.87,43.949,3.81,50.0,10.53
331,8.1,0.99,100.0,0.98125,100.0,20.0,100.0,4.61,50.0,1.1
332,0.86,0.043,38.851,0.50949,100.0,20.0,100.0,0.25,0.17,2.86
333,3.19,100.0,100.0,50.0,100.0,20.0,1.245,100.0,3.32,23.64
334,0.6,0.011097,20.0,3.34792,100.0,20.0,1.126,100.0,0.3,7.25
335,7.18,0.01778,40.0,50.0,100.0,20.0,100.0,0.68,50.0,3.34
336,0.23,20.0,0.016314,15.91,100.0,20.0,0.016,3.92,0.2379099999999999,7.4
337,9.39,0.008,0.36152,12.21,50.0,20.0,100.0,2.81,2.1,5.46
338,20.0,0.0032908,0.02,13.23,100.0,0.37,100.0,0.82,0.29,4.78
339,0.030166,0.051,0.05,50.0,10.7453,20.0,0.0093557,3.22,1.98,4.13504
340,1.06,0.099,20.0,100.0,50.0,0.828,0.010961,4.30536,0.15,1.57577
341,0.01,40.0,1.26,100.0,50.0,48.1,100.0,1.87498,0.023986,1.98048
342,0.17,100.0,2.35,50.0,50.0,0.010164,0.003,2.92,0.5622199999999999,1.01124
343,0.43,0.027,2.48,50.0,9.24,0.016709,0.03541,0.136,0.069361,0.22249
344,0.06,40.0,0.010105,50.0,100.0,0.099334,0.011082,50.0,0.9,1.96
345,100.0,100.0,0.02,8.88,1.9,0.049,100.0,100.0,50.0,0.46648
346,0.0535,40.0,0.06,50.0,100.0,0.068604,0.05,50.0,1.06385,1.4
347,0.035497,0.354,0.55,50.0,100.0,2.768,0.046,100.0,0.82924,1.15897
348,0.045,0.65034,0.75,80.0,3.27,0.038,0.06,50.0,0.2258099999999999,0.37417
349,0.023324,0.032792,1.43,100.0,1.37,0.444,0.048,50.0,20.0,2.14877
350,40.0,0.0045176,0.86,50.0,50.0,0.17,0.036,50.0,2.21133,0.92
351,40.0,0.0043737,0.02,60.0,0.77,0.056931,0.089,100.0,20.0,4.36503
352,0.21,1.29,0.05,100.0,50.0,0.015,0.071,50.0,0.028189,0.29189
353,0.28,0.003,0.83,17.3205,100.0,40.0,0.095,50.0,1.6650900000000002,0.14
354,6.0,0.032,40.0,100.0,0.69551,100.0,0.072,50.0,100.0,0.66
355,0.78,0.093,50.0,100.0,0.71641,0.02,0.113,50.0,100.0,0.32757
356,7.94,100.0,13.1221,0.01,0.43566,40.0,0.07,50.0,100.0,1.29
357,0.18,100.0,0.10819,3.08,100.0,0.18719,0.069,100.0,0.118,1.58
358,6.16,0.0030374,20.0,100.0,17.86,7.42943,0.071,100.0,20.0,0.82
359,0.76,100.0,0.007,7.34,100.0,80.0,0.02655,100.0,0.16795,0.09
360,1.72,100.0,0.049106,7.14,16.79,0.07324,20.0,100.0,0.05,3.03
361,2.0,100.0,0.030027,9.27,50.0,0.78,20.0,100.0,0.3101,20.0
362,1.67,100.0,0.020966,6.22,50.0,2.4,20.0,20.0,0.09,20.0
363,5.48,100.0,40.0,0.15,50.0,1.75,1.527,20.0,0.18744,20.0
364,0.1147,100.0,50.0,2.36,50.0,0.031,4.829,20.0,0.32331,6.1985
365,7.0,100.0,50.0,100.0,100.0,0.079,0.456,50.0,0.04952,9.75
366,0.1056,100.0,0.031698,100.0,50.0,0.097,0.43,50.0,0.1,17.11
367,1.73147,100.0,40.0,100.0,50.0,0.044,0.193,50.0,0.23,5.78
368,0.28081,100.0,1.0623,50.0,50.0,0.043,0.262,50.0,0.11,7.52
369,0.46182,100.0,1.4102,50.0,50.0,50.0,0.276,50.0,0.5351,0.82614
370,0.1088,100.0,0.33097,50.0,50.0,6.89,0.204,50.0,20.0,2.26124
371,0.079,40.0,16.6447,50.0,50.0,50.0,0.258,1.26227,0.8665700000000001,1.74
372,0.19839,0.078,0.015978,50.0,50.0,50.0,1.727,1.47,0.25043,1.01414
373,0.55568,0.869,0.0020027,50.0,100.0,50.0,4.211,0.46,0.82,1.0793
374,0.2911,0.27535,0.0033641,50.0,12.1876,50.0,1.202,0.249,4.0,1.68
375,2.37,0.42402,50.0,50.0,50.0,0.79,0.241,100.0,0.16,1.13
376,40.0,0.017,50.0,50.0,100.0,0.002,0.343,0.89,1.03,0.14
377,0.2,40.0,2.3,50.0,100.0,50.0,9.41,0.01,2.26,4.87
378,40.0,21.72,0.003,50.0,50.0,50.0,0.654,0.38,0.71718,2.84
379,100.0,100.0,0.01,50.0,50.0,0.025,3.344,2.38,20.0,0.15
380,100.0,0.0049492,0.017,50.0,50.0,0.019,2.362,29.37,20.0,1.96
381,0.017507,0.002,100.0,50.0,50.0,0.009,5.991,100.0,20.0,0.64
382,0.020581,0.004,100.0,50.0,50.0,0.022,7.378,100.0,0.15131,1.4
383,0.0032578,0.022,50.0,50.0,50.0,0.039,0.0052807,100.0,0.24,0.43
384,0.029376,0.02,50.0,50.0,100.0,0.013,100.0,0.24,0.24,0.56
385,0.035038,0.01,0.0019638,50.0,0.507,0.026,100.0,1.09,30.1985,11.12
386,0.024251,0.03,100.0,50.0,50.0,0.044,20.0,5.24,20.0,1.93
387,20.0,0.04,100.0,50.0,0.79,0.049,0.857,24.76,1.62,1.58
388,20.0,0.004,100.0,50.0,1.6674,0.184,0.003942,5.24,0.26153,1.68105
389,0.57,0.006,100.0,50.0,100.0,0.023,0.0040432,50.0,0.28,3.27
390,20.0,0.014,100.0,50.0,100.0,0.023,0.089,0.67,1.07,50.0
391,20.0,0.008,100.0,50.0,100.0,0.07,100.0,50.0,0.037,12.5
392,9.851,0.01,100.0,50.0,100.0,4.418,100.0,9.4,0.64995,2.8
393,0.04,0.002,100.0,50.0,100.0,0.226,18.532,2.3,100.0,0.3
394,20.0,20.0,100.0,100.0,100.0,0.47524,40.403,0.4,0.505,0.23554
395,0.01,20.0,100.0,100.0,100.0,0.19147,0.407,0.11,50.0,0.42533
396,0.1,0.053247,100.0,4.16,100.0,0.17,6.014,0.81,1.7,3.3
397,8.37,0.15119,100.0,100.0,100.0,0.15,4.053,50.0,0.45901,0.16124
398,0.11,0.023,40.0,4.79223,0.54,0.021,5.668,0.32,0.1308099999999999,2.3
399,0.12,0.013,0.04549,6.2,100.0,0.032,4.67,2.8,0.2102699999999999,11.5
400,0.086535,0.027,40.0,2.5,100.0,0.0083236,6.004,50.0,0.037,4.64564
401,0.10947,0.025,2.04299,0.15022,100.0,0.13376,1.952,3.0,0.28684,0.4
402,0.22,0.016,0.076543,0.044479,100.0,0.022325,3.35,0.3,0.14,7.9
403,0.02,0.019,0.023341,1.57125,50.0,0.013,3.491,6.2,0.25376,1.6
404,0.28,0.013,40.0,50.0,2.21,0.042,1.479,0.96,0.327,0.28957
405,2.19,0.025,20.0,50.0,14.89,0.028,1.548,0.17,0.4972399999999999,2.3
406,20.0,0.032,26.9177,9.3,50.0,0.021,0.0063693,1.9,1.159,7.3
407,0.02,100.0,0.0027369,13.0,50.0,0.013,20.0,50.0,0.5760000000000001,0.68545
408,0.070241,100.0,0.001,0.02,50.0,0.019,0.0047321,2.76,0.469,1.1
409,0.056391,100.0,0.001,100.0,50.0,0.012,0.15135,8.8,3.45,1.5
410,5.71,100.0,0.004,50.0,50.0,0.016,0.01,6.7,1.04,10.3
411,0.02,0.277,0.004,50.0,50.0,0.017,0.001,50.0,12.687,3.6
412,0.17,100.0,0.001,100.0,50.0,0.022,0.013658,3.6,0.098285,3.7
413,20.0,100.0,0.004,100.0,50.0,0.023,0.006,3.8,0.053,0.07
414,0.54,100.0,0.009,100.0,50.0,0.013,0.002,0.06,1.57,8.55
415,0.72,100.0,0.001,100.0,50.0,40.0,0.0036055,4.88,1.32,4.67
416,20.0,100.0,0.003,100.0,50.0,30.0,0.015,0.54,0.243,3.68
417,0.06,100.0,0.006,80.0,20.3,0.054552,0.001,2.63,9.197,7.35
418,0.01,40.0,0.003,3.11,50.0,0.27096,0.01,3.02,1.23,2.84574
419,0.04,0.011671,0.003,7.42,50.0,0.036588,0.115,0.53487,0.0969999999999999,13.0
420,0.04,1.00594,0.002,100.0,50.0,0.399,0.1889,50.0,0.226,3.4
421,0.02,0.007021,20.0,15.7,50.0,0.055,0.003,50.0,0.499,1.20842
422,0.02,0.0082483,2.73355,100.0,2.1713,2.552,0.077,0.67495,0.2308599999999999,0.57447
423,0.01,20.0,0.053413,100.0,50.0,0.482,0.988,1.1,0.33,0.58592
424,2.98,20.0,0.11297,100.0,0.9,0.82,25.503,2.73434,5.24,0.83
425,20.0,0.007,0.014,100.0,50.0,1.678,0.005,0.51,0.67288,0.52766
426,2.19,0.19844,0.013,19.5774,50.0,0.206,0.005,0.11784,0.602,2.89955
427,0.02,0.0061113,0.029,31.6,50.0,0.162,0.67478,1.03521,0.655,2.4
428,20.0,0.023,0.025,100.0,50.0,1.278,0.12,100.0,0.346,0.13097
429,20.0,0.001,0.014,100.0,100.0,0.972,0.12,0.12219,0.64594,3.848
430,0.04,0.001,0.073,100.0,100.0,1.037,0.059,3.81637,0.937,0.47
431,0.23,0.01,0.014,100.0,7.69,0.433,0.04,100.0,20.0,13.92
432,20.0,0.003,0.016,100.0,100.0,0.277,0.073,100.0,4.15577,9.74
433,0.001,0.006,0.074,100.0,6.77381,1.11,0.044,100.0,0.14009,2.38
434,0.36,0.002,100.0,100.0,50.0,0.337,0.037,100.0,0.733,4.04
435,20.0,0.009,100.0,100.0,50.0,0.365,0.021,100.0,1.51779,5.26334
436,1.35,100.0,100.0,100.0,2.81047,0.342,0.032,8.49647,0.4099399999999999,2.86
437,0.07,100.0,100.0,27.01,100.0,0.229,0.021,100.0,0.12,10.99
438,20.0,100.0,100.0,100.0,5.66965,0.526,0.369,100.0,0.01,2.1
439,0.0051754,100.0,100.0,100.0,50.0,0.645,0.001,100.0,0.657,2.6
440,7.83,100.0,100.0,32.37,50.0,40.0,21.014,100.0,0.477,3.8
441,100.0,0.0084042,100.0,100.0,4.8,0.16688,23.679,100.0,1.812,6.9
442,20.0,0.0018882,100.0,100.0,50.0,40.0,100.0,100.0,0.28,0.61408
443,0.016128,1.1303,100.0,2.13,50.0,0.01,24.326,50.0,20.0,2.13851
444,0.05,0.017999,100.0,100.0,100.0,0.37963,18.0,100.0,1.77771,1.94121
445,20.0,40.0,40.0,100.0,16.1,40.0,21.019,100.0,0.066494,2.4
446,0.13243,0.031,0.018438,100.0,100.0,100.0,23.668,100.0,0.92,7.1
447,1.03,20.0,40.0,100.0,9.47,40.0,10.441,100.0,31.13,5.8
448,20.0,40.0,0.0033085,100.0,100.0,0.013,21.672,100.0,0.01,2.2
449,0.076922,0.0078501,0.002741,14.37,100.0,40.0,22.979,100.0,0.17,15.99
450,0.009192,0.0061058,20.0,7.2,100.0,0.049783,30.49,100.0,0.082567,6.53
451,100.0,40.0,20.0,100.0,100.0,2.325,30.629,100.0,0.038839,1.72328
452,0.05,40.0,0.003,100.0,100.0,0.003,0.009,100.0,0.29059,1.29718
453,0.053592,40.0,32.075,100.0,100.0,0.006,200.0,100.0,0.08134,8.18
454,2.6,0.238,0.01802,100.0,100.0,0.304,0.0075965,100.0,40.0,31.01
455,1.56496,0.10119,0.023,100.0,100.0,0.954,0.001,100.0,1.2,16.41
456,132.0,40.0,0.001,100.0,100.0,0.495,3.269,100.0,1.86,6.2
457,132.0,40.0,0.001,30.89,100.0,0.106,0.123,100.0,1.22,5.73
458,3.54,40.0,0.005,100.0,100.0,100.0,0.104,100.0,1.08,5.8
459,0.006,0.048,0.001,100.0,100.0,0.064,0.089,100.0,2.53,4.29
460,0.054,0.033,0.001,100.0,100.0,0.144,0.212,100.0,0.18,4.28
461,0.0070367,0.033,0.001,100.0,100.0,0.016,0.159,100.0,0.44,45.5
462,0.40817,0.012345,0.001,100.0,100.0,0.014,0.096,100.0,40.0,6.65
463,0.0058909,0.023,100.0,100.0,100.0,0.107,0.07,100.0,0.62,4.41
464,0.69,0.023,100.0,0.45087,100.0,0.15181,0.118,100.0,1.42,100.0
465,0.15196,0.023,100.0,100.0,100.0,0.035824,0.155,100.0,40.0,24.03
466,0.02,0.023,42.749,6.04,100.0,0.2543,4.433,100.0,40.0,1.83
467,0.7,0.023,100.0,100.0,100.0,0.12697,4.21,100.0,0.79,5.11
468,0.004,100.0,0.017461,50.0,100.0,0.072,100.0,100.0,1.16,40.42
469,7.69,100.0,0.002242,100.0,100.0,0.041,40.565,100.0,1.96,26.64
470,0.23334,100.0,0.11996,100.0,100.0,0.33081,100.0,27.13,40.0,3.66
471,100.0,100.0,0.050738,1.60997,100.0,0.287,100.0,100.0,1.06,16.86
472,100.0,100.0,0.20647,50.0,100.0,0.3066,100.0,100.0,20.0,10.16
473,0.010724,0.006,0.0031748,14.8,100.0,0.041789,100.0,100.0,20.0,1.19
474,0.13106,0.002,20.0,50.0,100.0,0.331,100.0,100.0,20.0,1.01
475,0.016839,100.0,40.0,50.0,100.0,33.93,100.0,100.0,0.065846,0.38
476,0.052741,100.0,0.0075334,9.7589,100.0,0.04,100.0,100.0,1.5,4.85
477,0.056119,100.0,0.0028449,11.53,100.0,0.226,100.0,100.0,0.01,1.6
478,0.071723,100.0,40.0,100.0,100.0,0.506,100.0,100.0,0.08,100.0
479,100.0,100.0,50.0,6.64935,100.0,0.076255,0.048,100.0,0.15,27.85
480,14.4948,100.0,40.0,3.71,100.0,1.582,1.814,100.0,50.0,18.15
481,100.0,100.0,10.731,0.60443,100.0,40.0,0.17,100.0,0.46836,1.59
482,1.06671,100.0,0.47856,1.46,100.0,0.05,0.04,50.0,0.1,2.22238
483,0.012791,100.0,0.03561,4.49,100.0,0.024,0.044,100.0,0.064299,4.5
484,0.027633,100.0,40.0,26.051,100.0,18.871,0.257,100.0,0.085247,0.305
485,0.1094,100.0,40.0,100.0,100.0,18.871,1.484,100.0,0.25,6.0
486,0.1691,100.0,40.0,50.0,100.0,5.67191,0.09,50.0,0.14272,2.36
487,100.0,0.032,0.026577,0.55,100.0,0.023,0.028,100.0,3.79,0.7
488,100.0,0.0031374,0.025298,50.0,100.0,0.033,0.072,29.4,0.72,2.2
489,0.025716,20.0,0.016,10.8,100.0,0.023,0.015449,47.61,0.12,2.39599
490,0.086729,0.0094644,0.019183,100.0,100.0,0.023,200.0,50.0,0.05,19.3875
491,1.33723,0.524,0.023,50.0,100.0,0.023,0.0047155,50.0,0.8,0.58544
492,0.83638,0.004,0.023,26.3942,100.0,0.019,0.014939,50.0,2.27,0.55606
493,50.0,0.003,0.023,50.0,100.0,0.013,5.22e-05,50.0,40.0,3.21051
494,50.0,0.003,0.023,50.0,100.0,0.018,0.519,18.0614,1.46,14.4
495,50.0,0.003,0.023,50.0,100.0,0.019,0.567,15.77,3.49,50.0
496,0.08,0.003,100.0,2.02836,100.0,0.009,0.602,100.0,0.17,4.6
497,0.02,0.058,100.0,8.2,100.0,4.086,0.073,50.0,0.81,2.16175
498,2.97,0.05,100.0,0.04,0.2,0.53,0.417,34.78,0.3,17.98
499,1.93,0.002,100.0,50.0,40.0,0.026,0.173,50.0,0.22,3.23384
500,1.02,0.003,100.0,50.0,40.0,0.087,0.271,13.19,0.07,13.27
501,0.51,0.078,0.012515,50.0,40.0,0.062,0.216,4.43,3.77,132.0
502,50.0,100.0,50.0,50.0,40.0,0.172,1.683,50.0,0.32,0.4
503,50.0,0.077,0.001,50.0,40.0,0.145,1.432,100.0,1.5,42.63
504,50.0,100.0,100.0,29.32,40.0,0.081,0.837,50.0,40.0,5.77457
505,50.0,0.053,100.0,100.0,40.0,0.049,0.981,132.0,0.14637,132.0
506,12.45,0.026,44.077,100.0,40.0,0.042,1.072,50.0,2.0465,0.7
507,50.0,0.017,100.0,1.12428,0.21,0.178,6.452,50.0,0.6890000000000001,0.1
508,0.002,0.025,100.0,100.0,40.0,0.048,3.254,50.0,0.1907,1.5
509,3.06,0.006,100.0,8.88101,0.62,0.033,1.904,50.0,1.7232,0.4
510,0.04,100.0,100.0,7.80359,0.89,0.063,1.173,50.0,7.077999999999999,1.8
511,0.53,100.0,100.0,6.05182,0.47,0.048,3.942,50.0,0.365,0.30823
512,0.08,0.021,100.0,100.0,0.67,0.2,1.473,50.0,0.1739099999999999,2.36555
513,0.12,0.094,100.0,23.2,0.67,0.58,3.938,50.0,7.0,2.9
514,0.09,0.075,100.0,42.3,0.77,0.019,100.0,100.0,7.0,0.37
515,20.0,0.017,100.0,0.45,2.04,0.11175,100.0,50.0,1.21125,2.67726
516,20.0,0.062,50.0,5.26684,3.37,40.0,100.0,100.0,2.0815,18.2
517,0.02,0.073,50.0,100.0,0.34,0.066212,100.0,48.8,7.0,1.9618
518,0.37,0.001,0.013,4.93017,0.71,0.135,100.0,0.88,0.3645,3.18151
519,0.35,0.002,0.01398,100.0,40.0,0.01,100.0,0.2,1.1605,1.2
520,0.10755,0.001,20.0,100.0,5.42,0.002,100.0,6.51,8.036589999999999,11.72
521,0.067615,0.001,0.0026321,5.78387,0.58,0.003,1.212,2.8,2.8457,1.28107
522,0.016012,0.001,0.845,23.9154,0.91,0.005,1.202,2.1,0.1738,2.6
523,0.034927,0.002,23.7706,100.0,0.46,0.006,6.447,0.6,0.20873,0.72
524,0.25738,0.002,0.010665,0.65137,2.37,0.008,2.46,1.28128,0.1606,0.41489
525,0.4019,0.001,0.0019104,24.63,0.5,0.006,2.487,36.4,0.494,36.9
526,1.96,0.002,0.003,100.0,100.0,0.006,3.876,5.0507,0.2595699999999999,1.06298
527,50.0,100.0,1.739,100.0,50.0,0.005,0.644,6.91785,0.9298,3.21331
528,50.0,0.72042,0.001879,100.0,100.0,0.027,3.777,100.0,0.44,3.61036
529,50.0,0.0013094,0.008,16.7549,6.5,100.0,8.175,100.0,0.49,9.5
530,50.0,0.0015651,100.0,100.0,50.0,0.029,2.003,100.0,0.06,4.16442
531,50.0,0.132,0.014,100.0,50.0,100.0,2.605,17.2,0.05,32.9
532,50.0,0.205,20.0,50.0,50.0,0.023,0.266,100.0,100.0,1.22146
533,50.0,0.149,100.0,100.0,0.59,0.016,0.043,100.0,1.62015,1.14952
534,50.0,0.067,18.2947,19.3991,50.0,0.02,0.33,100.0,0.017611,4.04238
535,50.0,0.156,100.0,100.0,50.0,0.009,0.29,100.0,0.32011,28.4
536,50.0,100.0,0.212,40.0854,50.0,0.007,1.553,13.0,1.87531,13.6
537,50.0,100.0,100.0,100.0,100.0,0.06,0.021,7.24435,0.2003,3.26215
538,50.0,100.0,100.0,100.0,50.0,0.056,0.12419,100.0,0.082777,4.07714
539,50.0,100.0,0.064,3.6,50.0,0.008,100.0,100.0,0.12871,4.29294
540,50.0,0.019,100.0,100.0,0.067883,0.014,0.040439,1.84147,20.0,0.17053
541,50.0,0.026,100.0,1.735,132.0,0.035,0.013411,100.0,1.33,0.0069602
542,50.0,0.028,100.0,50.0,0.73,0.009,0.002,8.32082,0.16,3.89927
543,50.0,0.019,100.0,0.5,50.0,0.009,0.040065,100.0,0.18,2.19627
544,50.0,0.081,100.0,0.02,5.41,0.011,0.049057,100.0,1.43,0.20418
545,3.5967,0.03,100.0,0.04,50.0,0.304,0.005,1.43955,1.08221,1.39642
546,50.0,0.016,100.0,50.0,132.0,0.125,0.002,1.06331,0.15,0.27553
547,1.415,0.016,100.0,50.0,50.0,0.234,0.004,1.40362,20.0,0.40394
548,2.479,100.0,100.0,50.0,50.0,0.386,0.001,100.0,0.05,1.25538
549,3.041,100.0,100.0,50.0,50.0,0.255,4.254,0.032145,0.15,0.031391
550,16.123,0.057,100.0,50.0,50.0,0.421,5.031,0.058,0.18,9.9
551,0.519,100.0,100.0,50.0,0.6,0.073,0.001,5.1,0.48,1.4
552,0.875,0.005,100.0,50.0,50.0,0.516,100.0,1.1,10.0,0.31011
553,1.664,0.013,100.0,50.0,50.0,0.348,0.098912,1.29914,20.0,1.81762
554,0.8,0.018,0.0042172,50.0,50.0,0.219,0.042119,4.95609,100.0,4.3
555,1.091,0.014,0.013,50.0,2.88,0.15712,0.0014049,3.3,20.0,50.0
556,1.775,0.011,100.0,50.0,50.0,100.0,0.0061278,50.0,0.05,4.79
557,0.9,100.0,0.007,50.0,100.0,0.02524,0.0056566,50.0,0.36,2.8
558,1.65,100.0,100.0,50.0,50.0,0.43,100.0,50.0,1.26,50.0
559,0.878,100.0,100.0,50.0,50.0,0.04,0.0145,50.0,1.17,50.0
560,2.544,100.0,0.019,50.0,50.0,0.097,0.0034893,50.0,20.0,1.17
561,3.07,100.0,0.016,100.0,50.0,0.035,0.003,50.0,0.68805,50.0
562,1.797,100.0,0.029,100.0,50.0,0.007,0.0027375,50.0,0.8066,0.02
563,1.069,100.0,2.05254,100.0,100.0,0.057,0.0022679,50.0,0.45,0.02
564,1.342,100.0,0.004,100.0,0.11861,42.305,0.23329,50.0,0.07,50.0
565,0.988,100.0,0.004,100.0,0.9,0.04,0.85743,50.0,20.0,50.0
566,20.0,100.0,0.0060646,100.0,100.0,0.06,0.19287,50.0,0.11,50.0
567,0.51,100.0,0.3,100.0,100.0,0.046,0.048705,50.0,1.98,50.0
568,1.52,100.0,0.01,100.0,100.0,0.06,0.040058,50.0,0.58,50.0
569,9.34,100.0,0.009,23.4,100.0,0.053,100.0,50.0,0.51,5.57
570,2.16,100.0,0.030726,100.0,100.0,0.033,100.0,50.0,3.96,0.69714
571,5.09,100.0,0.162,100.0,100.0,0.052,0.003274,100.0,0.04,5.53
572,1.22,100.0,1.35131,0.812,100.0,0.009,0.0081958,100.0,0.34,17.61
573,4.58,100.0,0.020989,0.54147,100.0,0.013,0.00061478,100.0,0.29,7.07
574,2.23,100.0,0.011281,4.48553,100.0,0.015,0.0067771,100.0,20.0,5.66
575,0.81,100.0,100.0,0.92698,100.0,0.01,0.0056176,100.0,0.66,4.7
576,8.83,0.0031911,0.027728,0.62404,100.0,0.027,0.00262,100.0,20.0,15.4
577,3.21,0.962,0.0066503,0.31581,100.0,0.062,100.0,22.73,20.0,7.87
578,1.63,0.020166,0.251,0.088,100.0,0.042,100.0,100.0,1.59,8.62
579,1.22,0.0029474,0.066,0.123,100.0,0.058,100.0,100.0,0.39,8.6
580,8.35,19.533,0.018,0.035,31.1473,0.005,0.095,100.0,0.56,7.07
581,2.64,0.023729,17.366,0.005,100.0,0.013,35.636,100.0,0.4,2.43
582,6.96,0.0050612,3.26119,0.15,100.0,0.018,20.0,100.0,0.23,1.17
583,2.07,3.654,0.12,0.04,100.0,0.016,0.006,50.0,0.04,0.09984
584,0.65,4.526,0.02,0.083,100.0,0.011,100.0,100.0,0.34,0.2488
585,1.77,3.256,0.01,0.06,20.0,0.034,100.0,100.0,5.46,1.58481
586,3.06,3.065,0.04,0.051,100.0,0.043,2.674,50.0,0.24,0.11482
587,0.97,2.451,0.01,0.063,100.0,0.094,100.0,50.0,2.12,0.12784
588,3.69,4.125,0.0058511,0.082,100.0,0.053,0.2,50.0,20.0,1.12862
589,3.19,40.0,0.012271,0.045,100.0,0.042,0.009,19.91,3.09,50.0
590,5.86,0.034,0.0025209,0.057,100.0,0.064,0.0080434,2.224,20.0,17.3799
591,5.25,0.0048164,50.0,0.056,100.0,0.105,0.034,1.571,20.0,13.9435
592,1.92,0.0088913,0.05,0.087,100.0,0.074,100.0,1.117,5.84895,23.1582
593,4.5,0.0046417,0.07,0.116,50.0,0.129,0.135,0.396,20.0,2.627
594,0.93,100.0,0.06,0.041,8.3,0.164,0.022,1.25,1.94,0.5471
595,0.9,20.0,0.12,0.102,50.0,0.045,0.544,0.21,0.25,2.6453
596,5.43,20.0,0.09,0.201,50.0,0.026,0.041,1.127,0.8449200000000001,50.0
597,0.8,20.0,0.1,100.0,50.0,0.158,4.84424,0.426,0.52,12.2846
598,0.29,20.0,0.08,100.0,50.0,0.21,0.0066072,1.265,0.48,50.0
599,3.52,100.0,0.13,100.0,50.0,0.046,2.005,1.505,0.17459,11.5505
600,0.025454,100.0,40.0,100.0,50.0,0.031,0.004,1.072,20.0,15.1361
601,1.07,0.007,0.13,100.0,50.0,0.095,0.292,0.781,0.57053,22.4744
602,0.27,0.00342,0.01,100.0,50.0,0.1,100.0,0.635,20.0,16.9443
603,0.75,0.012211,0.06,100.0,50.0,0.517,0.059,0.763,2.39921,3.4162
604,40.0,0.168,0.03,100.0,50.0,3.349,0.947,1.339,0.4792,11.2629
605,0.98,7.0,0.06,100.0,50.0,0.39415,100.0,1.836,0.18,50.0
606,5.78,20.0,40.0,7.01,50.0,40.0,0.005,0.4,0.3351099999999999,2.8472
607,40.0,20.0,0.06,100.0,50.0,0.55159,0.043,1.429,20.0,50.0
608,6.87,20.0,0.09,100.0,50.0,0.030897,0.001,1.097,50.0,9.4933
609,0.28427,0.0928,0.04,5.78,50.0,0.046,4.524,100.0,0.43021,4.1
610,1.08,0.017,20.0,2.27,100.0,6.91729,0.001,5.46,0.49749,44.64
611,40.0,20.0,20.0,100.0,100.0,0.079657,0.293,2.18,20.0,2.986
612,0.79279,20.0,20.0,100.0,100.0,1.259,0.035,3.41,10.2447,1.776
613,0.0025102,0.0457,20.0,100.0,100.0,1.026,0.007,3.65,0.23,0.999
614,200.0,4.83791,50.0,100.0,21.08,1.625,2.716,0.97,7.0,0.477
615,0.012492,0.021698,0.0485,100.0,100.0,0.985,41.187,5.11,2.1180000000000003,1.544
616,0.0033224,15.1,0.033827,15.35,100.0,2.056,0.002,25.0,3.9,0.585
617,0.48,0.0021513,1.245,4.04,100.0,3.624,100.0,5.31,0.26042,1.579
618,0.25529,20.0,0.0104,3.12,100.0,0.093,100.0,100.0,2.7,0.353
619,0.74,20.0,0.008161,100.0,100.0,40.0,0.102,5.13,0.083107,2.327
620,0.14,20.0,40.0,100.0,100.0,0.01266,0.003,2.75,0.75184,2.01
621,10.0,20.0,0.01,5.15,0.67025,0.0063956,100.0,100.0,4.5620400000000005,1.302
622,10.0,0.013,40.0,100.0,0.18,3.52225,0.001,100.0,0.5241899999999999,0.934
623,10.0,0.004,0.19,100.0,0.3,0.04484,19.51,1.04,0.14,0.694
624,10.0,0.001,0.02,100.0,0.17,20.0,9.914,3.02,0.027144,0.895
625,20.0,0.086,0.04,100.0,0.2,20.0,2.162,10.95,0.26,1.397
626,20.0,0.017,0.01,7.14,0.12,20.0,0.021,1.19,1.46,0.704
627,0.01,0.0051747,0.02,100.0,0.55,0.028269,100.0,8.28,0.097316,0.577
628,0.01,40.0,0.05,4.62,0.97,0.2,0.0024087,4.77,0.515,1.168
629,0.12,0.05,0.07,100.0,0.34,0.22,0.022,100.0,0.017407,1.84
630,0.091,0.009,0.02,100.0,0.32,0.01,100.0,11.23,0.6857800000000001,100.0
631,0.15422,40.0,40.0,13.1348,0.48,50.0,100.0,1.55,0.87574,3.16
632,0.046761,40.0,0.04,100.0,0.18,0.02,0.0084722,3.53,0.3026,2.13
633,0.062976,0.025,1.82,100.0,0.92,0.14745,0.002,100.0,0.8298200000000001,6.25
634,20.0,0.058,0.015276,1.06707,0.17,0.021075,48.627,7.16,0.34693,4.02
635,0.3,20.0,0.0234,100.0,0.4,0.014318,0.01,5.74,0.1175799999999999,0.97
636,0.03,40.0,7.0,0.35303,0.41,0.027914,0.012,23.01,0.24249,3.83
637,0.167,40.0,4.43785,100.0,100.0,50.0,100.0,1.59,1.04871,2.21
638,0.055136,40.0,20.0,100.0,100.0,0.049,0.016122,100.0,0.3,2.09
639,0.050987,0.049,20.0,8.37427,100.0,2.438,0.1181,15.56,0.22712,0.73
640,2.49718,0.25,0.024,100.0,100.0,0.35228,20.0,100.0,0.14481,5.86
641,0.055063,40.0,0.024,100.0,100.0,1.68147,0.003,100.0,6.97566,3.71
642,1.36295,41.1,20.0,100.0,100.0,0.052548,0.0016315,100.0,0.34198,0.5
643,20.0,0.029374,20.0,3.99,100.0,0.5602,0.012,3.9,9.94454,1.94
644,0.802,40.0,0.0466,1.12,100.0,100.0,14.35,0.4,7.0,0.52
645,100.0,40.0,0.01,100.0,100.0,0.067129,100.0,2.3,100.0,5.33
646,100.0,40.0,0.31,100.0,100.0,0.011727,1.032,0.2,2.71811,6.26
647,100.0,40.0,0.01,100.0,100.0,0.1151,0.001684,0.2,0.81989,2.85
648,0.28057,7.994,0.04,100.0,100.0,100.0,0.0018114,0.1,0.97628,19.82
649,0.43454,0.083,19.55,2.41,100.0,0.15071,0.074648,3.4,0.7620399999999999,4.9
650,0.7809,0.123,0.099065,0.23299,100.0,0.0028704,0.0011041,100.0,0.40647,0.92
651,0.34372,0.005,50.0,100.0,9.3,0.085385,0.01,6.4,1.77083,7.19
652,7.63911,0.678,0.0019424,100.0,100.0,0.13394,0.00048164,100.0,19.8377,1.35
653,0.081757,0.08,20.0,0.0050542,100.0,0.055869,100.0,0.052838,0.39,17.81
654,0.04,0.076,20.0,0.15971,100.0,0.030678,100.0,0.045,0.28479,0.12
655,0.0048538,0.533,20.0,0.021909,100.0,0.035086,100.0,100.0,0.29281,12.95
656,0.067576,40.0,20.0,0.11979,100.0,0.578,0.0053085,20.0,0.18724,5.66
657,2.0,40.0,0.0066494,0.003,100.0,0.631,0.0080039,100.0,0.091365,3.84
658,1.17,0.105,0.00171,0.0094868,100.0,0.048,0.0021767,100.0,0.35759,0.79
659,2.0,40.0,0.36437,0.22199,100.0,0.036,0.0041644,1.02,0.4673899999999999,0.28
660,0.74,0.576,0.90056,0.21661,100.0,40.0,0.0015611,0.92,0.52913,8.38
661,2.14276,40.0,0.036248,0.024495,100.0,0.60006,0.0056726,0.36,0.15768,0.66
662,0.05,0.005,0.0072931,0.15166,100.0,0.009,20.0,4.69,0.69693,0.37
663,0.012873,0.14,40.0,0.064807,100.0,0.253,0.16753,0.172,0.423,1.29
664,0.0044954,0.014,0.046949,0.10677,100.0,19.454,100.0,9.9,7.0,2.6
665,0.015522,0.003,0.0033019,0.191,100.0,0.527,0.63236,0.47,7.0,0.7
666,0.01,0.042,0.085115,0.17889,100.0,1.364,0.0015446,0.040124,1.19647,3.0
667,0.46,0.682,1.84231,0.19987,100.0,0.142,0.2596,3.7825,0.54633,0.4
668,2.0,0.036,0.0056041,0.13081,15.36,40.0,0.017872,0.08,0.34565,0.4
669,2.0,40.0,1.71,0.003,100.0,9.69876,0.0094309,0.192,0.57085,0.9
670,0.07,0.005,1.60504,0.036995,100.0,5.72,5.07414,0.204,7.0,6.2
671,2.0,5.885,12.1336,0.13122,100.0,40.0,100.0,0.25,50.0,5.4
672,2.0,0.052,7.9427,0.003,100.0,0.149,0.0029989,0.184,50.0,1.7
673,2.0,20.0,40.0,0.003,100.0,0.592,0.0037067,0.269,50.0,1.4
674,0.21,0.024,40.0,0.003,100.0,6.174,0.0084432,0.33,50.0,0.63827
675,0.68,0.03,0.063984,100.0,100.0,7.356,0.0088436,0.142,13.07,1.58
676,2.0,20.0,0.56723,41.7891,100.0,0.09601,0.005,0.333,20.69,9.81
677,0.44,0.067,40.0,0.47576,100.0,0.36447,0.59,0.526,50.0,0.52
678,0.63,0.114,40.0,100.0,100.0,0.15,0.006,0.593,50.0,5.8
679,0.3,20.0,0.0076177,100.0,0.1,0.116,10.493,0.239,10.16,40.0
680,2.0,0.249,40.0,50.0,100.0,40.0,0.039,0.47,50.0,0.69
681,0.2,20.0,40.0,50.0,1.4,0.055,100.0,0.35,50.0,40.0
682,2.0,0.024523,40.0,50.0,36.7,40.0,0.019,0.224,50.0,5.27
683,2.0,0.023531,40.0,50.0,0.5,0.095,4.213,3.74902,50.0,0.33417
684,2.0,20.0,9.85395,50.0,100.0,0.106,100.0,0.161,50.0,19.12
685,2.0,40.0,0.023547,100.0,100.0,0.235,100.0,0.153,50.0,1.08
686,2.0,20.0,0.2519,100.0,100.0,1.282,0.006,0.377,0.06,0.029622
687,2.0,40.0,0.005848,100.0,3.8,0.394,0.003,0.21,20.0,1.74923
688,2.0,100.0,0.11535,100.0,100.0,0.125,0.044,6.98,0.1,4.40947
689,0.16,0.0059116,0.034181,50.0,100.0,40.0,0.0059481,2.26632,0.12,8.5
690,0.06,0.246,0.093304,50.0,100.0,6.094,0.0025776,2.24,1.29,1.39521
691,0.13,0.0094086,2.15114,100.0,100.0,40.0,0.0024419,100.0,0.295,6.12551
692,0.2,100.0,40.0,13.2965,0.5,0.141,0.003801,100.0,20.0,11.5
693,100.0,0.016638,4.66033,100.0,100.0,0.341,2.91542,50.0,0.51,1.45323
694,23.0,0.015286,0.049944,100.0,100.0,0.09,0.31325,50.0,0.06,100.0
695,2.0,40.0,40.0,100.0,100.0,40.0,0.035,50.0,2.38,18.62
696,2.0,100.0,40.0,100.0,100.0,40.0,0.028556,50.0,0.56,1.52
697,2.0,0.0033742,40.0,0.89,4.61324,0.389,0.39618,50.0,0.24,0.98
698,2.0,0.0065302,0.0084343,100.0,100.0,0.237,200.0,100.0,0.2269999999999999,1.66
699,2.0,0.0032406,0.040718,2.20424,100.0,0.065,0.0048441,100.0,0.0916,2.8346
700,1.17532,100.0,0.11719,100.0,0.52352,0.106,200.0,100.0,100.0,6.8
701,100.0,2.08952,0.00171,100.0,0.58366,0.026,0.0025643,100.0,100.0,4.36
702,0.27775,0.20511,0.016519,0.0072191,0.19,0.286,0.0043324,50.0,100.0,9.87
703,0.22989,0.0009694,0.1087,0.36934,0.154,40.0,0.037,0.028373,100.0,100.0
704,20.0,0.035596,0.0092209,0.031226,0.152,19.505,3.31114,0.4365,0.84,2.1
705,20.0,100.0,40.0,5.181,0.155,40.0,0.27,2.49,100.0,0.12761
706,4.99,0.29723,0.0022894,0.589,0.11,6.24,0.006,100.0,100.0,1.82766
707,20.0,0.35189,9.911,0.993,100.0,1.36613,50.0,100.0,100.0,21.7
708,0.0059351,0.11018,0.044404,0.005,0.214,40.0,50.0,100.0,100.0,100.0
709,0.48,0.82628,1.42723,0.017,100.0,0.109,50.0,100.0,100.0,12.29
710,13.1895,20.0,0.0073186,0.006,15.3,0.20131,10.0,0.403,100.0,4.58
711,132.0,1.71293,0.303,0.091,100.0,40.0,50.0,0.54,100.0,0.68
712,0.0384,0.0076805,0.093837,0.361,0.441,0.125,0.002,1.44,100.0,1.49
713,1.46976,20.0,20.0,100.0,0.097,0.031603,0.001,0.033982,100.0,0.8
714,5.9,100.0,0.03748,15.7,0.279,40.0,0.01,0.97972,100.0,2.36253
715,0.15,0.0089777,0.06185,100.0,0.378,0.076892,0.40619,50.0,9.71623,0.026221
716,7.17,0.13425,20.0,50.0,0.149,40.0,0.1853,20.0,6.687689999999999,0.95707
717,0.44,100.0,0.031446,50.0,0.93595,0.25867,0.0031733,1.544,0.091414,0.013821
718,4.11,0.056452,0.0013904,23.2915,0.111,0.052884,0.467,0.591,20.0,20.0
719,0.08,20.0,0.01189,0.040817,0.169,0.048,0.02,2.437,20.0,0.999
720,10.93,0.002,0.014227,100.0,0.211,0.22241,0.0495,0.109,20.446,0.464
721,1.25,0.069,20.0,100.0,0.147,40.0,0.0036374,1.238,3.6,1.324
722,4.89,0.002,40.0,100.0,5.94653,100.0,200.0,0.216,1.7871,0.144
723,0.16,0.002,20.0,0.94305,100.0,100.0,0.0062905,0.421,1.6674,0.354
724,0.62241,0.156,40.0,50.0,1.30428,0.647,0.035832,0.995,50.0,0.362
725,200.0,0.004,100.0,2.31,100.0,7.99857,1.76,0.122,1.3681,0.472
726,20.0,2.97,0.0038644,50.0,100.0,0.97722,2.07,1.26,0.5813,0.638
727,3.59,0.264,0.26123,50.0,50.0,4.73393,100.0,0.21,21.4415,0.0472
728,1.2,0.026,0.0044417,50.0,50.0,0.12135,100.0,0.5,0.6382,1.12
729,0.39,0.061,50.0,40.0,50.0,0.011,0.034042,1.8,2.0384,0.476
730,20.0,40.0,0.022707,16.2,50.0,0.1,1.312,1.1,1.3944,0.2
731,0.02,0.102,0.0090574,100.0,50.0,0.98,0.17727,2.02,2.005,0.8
732,0.32,0.011862,10.0,100.0,100.0,0.059573,0.168,14.1,50.0,3.96398
733,20.0,0.075796,40.0,100.0,100.0,0.059691,1.21752,100.0,1.3092,4.67
734,0.34,0.0064576,50.0,100.0,100.0,0.070123,0.0050948,26.43,1.0039,0.47772
735,20.0,0.011971,50.0,100.0,100.0,0.026055,0.00099627,100.0,2.0042,5.76203
736,1.66,0.040361,50.0,100.0,50.0,100.0,0.048283,100.0,0.9561,100.0
737,0.1879,0.043782,100.0,0.73248,5.08,5.09637,0.066222,100.0,2.8993,0.27122
738,0.0017256,0.001,0.0040622,0.5861,50.0,0.024764,0.0044167,14.1,0.3923,0.29
739,100.0,100.0,0.0027861,100.0,100.0,40.0,0.0056921,1.3,0.8521,8.93
740,0.206,0.74905,0.0023303,36.4,100.0,15.3728,0.0039143,0.23,7.4507,5.3
741,0.13356,2.74515,16.6618,1.18491,100.0,0.12398,100.0,4.7,2.2708,2.8
742,0.021509,50.0,7.15626,50.0,100.0,0.3209,20.0,0.752,5.5,0.5
743,0.02206,50.0,0.0077793,8.1,100.0,8.50651,0.047365,50.0,5.178,5.4
744,0.66045,50.0,0.0012425,100.0,100.0,0.12125,0.8385,5.89887,5.1,6.38541
745,0.36297,50.0,0.0064528,100.0,100.0,0.12888,0.001,6.07266,2.355,2.2
746,0.14444,50.0,50.0,100.0,0.54,0.30419,0.0031378,12.5494,3.8,6.30023
747,0.026493,50.0,0.074539,100.0,4.62258,0.025149,0.0077967,9.09225,2.33,0.6685
748,100.0,0.0086337,0.83231,1.65443,0.24104,0.069885,0.004,0.75373,4.899,9.65253
749,12.2465,0.0063593,9.19337,132.0,50.0,0.11912,0.0044103,2.09728,5.456,3.75862
750,132.0,0.13094,0.29173,0.11955,50.0,0.074564,0.3937,6.14231,5.678,1.48347
751,0.40532,100.0,20.0,1.03,0.75,0.10296,0.0025643,0.54733,5.777,1.67734
752,21.3408,0.0076657,2.88187,50.0,100.0,0.38673,2.79522,1.97228,5.23,6.10362
753,0.0066746,0.011,0.013339,14.472,100.0,0.057403,0.54867,100.0,4.12,2.70166
754,0.1693,0.867,20.0,2.33507,50.0,100.0,0.29,2.07128,4.987,2.19748
755,0.2203,0.12,50.0,100.0,50.0,0.081538,100.0,1.86009,3.45,4.7928
756,100.0,0.16,0.0089137,100.0,100.0,0.014,0.001,50.0,3.204,1.65257
757,2.24162,0.1,9.34,100.0,0.43603,0.126,0.837,20.0,5.431,1.89801
758,0.018619,0.06,50.0,100.0,100.0,0.133,100.0,20.0,5.398,6.37366
759,100.0,0.05875,0.027811,100.0,100.0,0.039,100.0,20.0,5.178,20.0
760,0.069498,0.043,20.0,26.59,100.0,2.517,100.0,44.25,4.936,20.0
761,0.020976,0.017,0.0012599,100.0,100.0,0.049,0.118,0.3717,0.49,20.0
762,3.65704,40.0,0.0078837,7.69,100.0,40.0,0.198,12.56,0.91,20.0
763,0.012843,100.0,0.001,9.14,100.0,1.191,0.00071521,15.6334,0.19,0.45254
764,0.13686,100.0,0.0042172,6.48,100.0,0.101,5.24273,132.0,1.04,22.19
765,0.08935,100.0,0.087895,0.30302,50.0,0.104,0.239,1.2,0.47476,7.46992
766,0.11852,0.133,0.025,2.19698,2.88,0.2,0.0071143,100.0,0.1,132.0
767,100.0,0.018,11.892,0.034488,50.0,0.064,0.039729,100.0,0.02,0.8
768,0.10637,0.0035156,0.053368,0.002,1.34098,0.026162,0.0050221,3.7,0.69,100.0
769,0.011642,1.09634,0.018057,100.0,50.0,0.2264,0.086895,100.0,1.81,6.18201
770,7.85,45.556,2.32257,8.7,100.0,40.0,0.40373,100.0,0.34,4.25158
771,0.26,0.0060127,7.85408,100.0,100.0,0.032237,0.016438,12.32,0.25,0.82
772,1.59,20.0,0.11719,100.0,100.0,0.41616,0.0056623,100.0,1.29,0.09
773,0.37,100.0,0.002,100.0,100.0,40.0,100.0,100.0,1.13,0.56
774,1.97,0.0079994,0.067705,100.0,100.0,0.446,0.075182,100.0,0.52,0.21
775,0.17,7.0,0.54,100.0,100.0,30.0,20.0,100.0,0.35,3.02
776,20.0,0.887,0.42,2.6,100.0,0.22328,0.52578,100.0,0.34,0.13
777,20.0,0.0025437,0.02,16.95,0.038322,0.038887,0.002,100.0,0.25,0.71
778,0.28983,0.046,0.61,100.0,3.37298,0.936,0.048396,100.0,0.27,0.33
779,1.6,0.071266,0.44,50.0,100.0,3.729,0.0087138,0.99184,0.33,0.25
780,20.0,100.0,0.12,0.81778,50.0,50.0,100.0,0.22,0.85,1.36582
781,20.0,0.0039862,0.58,4.2,50.0,50.0,0.50477,1.67344,0.39,0.99
782,20.0,2.62522,0.13,100.0,50.0,0.417,0.070336,5.4,0.31,1.31536
783,20.0,20.0,0.17,100.0,100.0,50.0,100.0,37.08,0.94,1.54
784,0.78,20.0,0.63,100.0,100.0,0.02521,0.070613,3.82,1.86,11.12
785,8.41,100.0,0.92,100.0,100.0,0.0020502,0.0036514,100.0,0.16,1.93
786,0.7,12.812,1.65,100.0,100.0,0.24852,0.13933,100.0,1.13,1.58
787,1.45,0.21704,0.18,100.0,100.0,0.37281,37.5,100.0,0.54,0.74
788,0.65,0.17044,0.58,8.97831,132.0,0.038465,0.0064458,100.0,0.69,6.1
789,0.47,100.0,1.49,100.0,100.0,0.047,20.0,100.0,40.0,100.0
790,2.66937,20.0,0.034122,50.0,132.0,0.314,0.083204,100.0,0.46,0.2
791,8.07459,0.004,0.004111,300.0,50.0,0.24,0.014015,100.0,1.19,2.5
792,14.0,20.0,0.0049484,300.0,100.0,0.01,0.30001,1.4,1.28,50.0
793,0.183,20.0,0.049733,0.83047,100.0,0.13,2.53282,24.4285,0.17,100.0
794,0.419,100.0,0.04475,12.87,18.7,0.003,6.68,9.1,0.6,0.51868
795,10.6,20.0,0.002,100.0,100.0,0.16931,0.0343,2.81639,0.55,13.2
796,0.0473,20.0,100.0,40.0,100.0,0.173,100.0,22.9534,1.3,1.17424
797,0.57304,20.0,50.0,1.9,100.0,0.019,100.0,6.05871,0.9,3.64417
798,0.21141,2.86,50.0,0.6,100.0,0.131,0.0157,1.98453,9.1,7.91973
799,20.559,20.0,50.0,50.0,100.0,0.17636,0.0074366,100.0,0.59,1.53051
800,0.0087125,0.016825,50.0,100.0,9.43,0.51702,0.024554,2.76846,0.18,0.24252
801,0.44052,0.0011078,50.0,100.0,100.0,0.090947,0.001,3.70969,0.35,1.43869
802,100.0,0.03176,50.0,100.0,100.0,0.25,0.0040377,4.73045,0.85,1.46043
803,0.03139,0.067331,50.0,0.78214,100.0,0.425,0.039308,0.01,0.71,1.9539
804,0.0077542,0.002066,50.0,45.64,100.0,0.043887,20.0,0.182,100.0,0.0056462
805,100.0,0.154,50.0,300.0,3.09375,80.0,0.0036394,0.13087,100.0,0.066112
806,0.061024,0.005,50.0,50.0,0.69567,0.021834,0.0015429,100.0,0.45475,0.2654
807,0.047314,40.0,50.0,400.0,0.60572,0.0073068,20.0,132.0,0.02,0.88724
808,0.061618,0.002,50.0,400.0,100.0,20.0,0.016263,100.0,1.45,7.25
809,1.70214,0.001,50.0,9.68,100.0,0.095972,0.018467,50.0,0.21,6.42096
810,14.013070298765433,40.0,50.0,4.2,100.0,0.057282,0.0087009,5.5,0.12,0.43442
811,14.013070298765433,40.0,50.0,100.0,100.0,1.076,0.025927,4.3,0.03,6.9
812,14.013070298765433,0.744,50.0,0.15,100.0,0.313,23.367517080431032,12.9,0.03,3.6
813,14.013070298765433,0.0031517,50.0,1.2,100.0,0.50509,23.367517080431032,3.29,1.29,1.85742
814,14.013070298765433,0.00080912,50.0,1.1614,100.0,100.0,23.367517080431032,100.0,0.51735,1.50057
815,14.013070298765433,0.37011,50.0,6.7524,100.0,0.069232,23.367517080431032,100.0,0.76,0.46095
816,14.013070298765433,2.65118,50.0,100.0,100.0,0.049149,23.367517080431032,100.0,0.27,2.23068
817,14.013070298765433,0.38,40.0,100.0,100.0,0.014237,23.367517080431032,0.044855,0.038335,0.15798
818,14.013070298765433,20.0,0.03,100.0,50.0,0.016967,23.367517080431032,0.31342,50.0,0.13258
819,14.013070298765433,0.67124,4.76,50.0,12.6587,0.062806,23.367517080431032,0.806,4.638999999999999,0.62359
820,14.013070298765433,0.0022954,0.01,100.0,1.3,0.0095216,23.367517080431032,9.81,3.06,11.48
821,14.013070298765433,100.0,3.44,100.0,13.5274,0.008518,23.367517080431032,12.62,50.0,29.82
822,14.013070298765433,100.0,0.02,100.0,9.47228,0.0037372,23.367517080431032,3.9,1.121,4.58
823,14.013070298765433,100.0,3.31,100.0,100.0,0.1752,23.367517080431032,100.0,50.0,5.76
824,14.013070298765433,20.0,0.02,100.0,100.0,0.2371,23.367517080431032,0.01,0.20833,0.03
825,14.013070298765433,0.15434,0.1,50.0,100.0,0.011873,23.367517080431032,0.73185,0.15414,0.82829
826,14.013070298765433,0.011568,1.53,100.0,100.0,0.19656,23.367517080431032,1.34243,0.097211,0.48019
827,14.013070298765433,0.4515,40.0,7.5553,100.0,0.08,23.367517080431032,100.0,0.006,100.0
828,14.013070298765433,1.66128,0.07,7.63,37.2,0.034176,23.367517080431032,5.5,0.02846,1.50987
829,14.013070298765433,0.0084831,0.04,9.59,50.0,0.080565,23.367517080431032,19.7,0.053759,8.57658
830,14.013070298765433,0.060844,4.18,2.17,100.0,0.076,23.367517080431032,4.80359,0.1371099999999999,3.26768
831,14.013070298765433,0.16293,0.02,5.39,100.0,20.0,23.367517080431032,2.3,0.073892,1.4
832,14.013070298765433,0.040272,0.22,8.26,100.0,20.0,23.367517080431032,100.0,0.1506,100.0
833,14.013070298765433,0.567,40.0,100.0,132.0,20.0,23.367517080431032,9.1,0.071134,0.57511
834,14.013070298765433,0.055776,1.69,100.0,100.0,0.63,23.367517080431032,9.4,0.059161,100.0
835,14.013070298765433,0.20235,0.04,100.0,0.3224,0.030267,23.367517080431032,7.7,0.11225,10.1
836,14.013070298765433,0.068978,0.04,100.0,50.0,0.024095,23.367517080431032,17.0384,0.1249,6.96982
837,14.013070298765433,0.06736,0.03,100.0,3.8,0.028167,23.367517080431032,100.0,0.10507,3.9
838,14.013070298765433,20.0,0.26,100.0,1.7,0.13817,23.367517080431032,14.1,0.0279279999999999,14.8
839,14.013070298765433,0.0023554,0.02,9.35,13.9339,0.045369,23.367517080431032,14.38,0.01,22.29
840,14.013070298765433,0.017281,0.02,3.65,100.0,0.028983,23.367517080431032,19.24,0.03227,100.0
841,14.013070298765433,0.018755,4.15,3.15745,100.0,4.873,23.367517080431032,100.0,0.066106,14.17
842,14.013070298765433,20.0,40.0,100.0,3.96867,0.032,23.367517080431032,31.75,0.015,100.0
843,14.013070298765433,20.0,4.48,100.0,0.23438,0.588,23.367517080431032,22.66,0.01,0.88
844,14.013070298765433,20.0,0.01,100.0,45.24,0.33,23.367517080431032,100.0,0.757,4.35
845,14.013070298765433,20.0,0.01,100.0,14.02,0.198,23.367517080431032,100.0,0.5266,0.17
846,14.013070298765433,20.0,3.88,1.91569,100.0,0.124,23.367517080431032,100.0,0.37584,0.34
847,14.013070298765433,20.0,0.05,100.0,7.9,0.155,23.367517080431032,100.0,0.134,0.08
848,14.013070298765433,20.0,0.05,1.1,0.2,0.040823,23.367517080431032,100.0,0.11269,0.5
849,14.013070298765433,20.0,0.07,100.0,1.01361,30.0,23.367517080431032,20.0,0.41,20.0
850,14.013070298765433,0.147,50.0,100.0,100.0,0.21668,23.367517080431032,20.0,0.67,20.0
851,14.013070298765433,0.0052525,0.07,0.938,100.0,0.10853,23.367517080431032,20.0,1.33922,20.0
852,14.013070298765433,0.008421,0.01,100.0,100.0,0.041912,23.367517080431032,20.0,1.27,20.0
853,14.013070298765433,20.0,0.02,100.0,50.0,0.12667,23.367517080431032,20.0,0.07,20.0
854,14.013070298765433,0.068663,0.16,40.0,100.0,30.0,23.367517080431032,20.0,0.23,20.0
855,14.013070298765433,0.22259,40.0,100.0,100.0,0.018504,23.367517080431032,20.0,0.1639999999999999,20.0
856,14.013070298765433,20.0,0.04,100.0,100.0,0.053956,23.367517080431032,20.0,0.60985,20.0
857,14.013070298765433,0.41844,0.02,15.8256,100.0,0.06387,23.367517080431032,100.0,0.19394,1.51
858,14.013070298765433,0.0086208,0.35,4.31539,100.0,0.030425,23.367517080431032,100.0,0.48005,2.0
859,14.013070298765433,0.021658,50.0,100.0,0.18649,2.49105,23.367517080431032,100.0,0.48,1.01
860,14.013070298765433,0.030981,40.0,100.0,1.8,0.069628,23.367517080431032,100.0,0.4,0.11
861,14.013070298765433,0.045047,0.08,20.0876,100.0,0.046162,23.367517080431032,100.0,0.1054,0.08
862,14.013070298765433,20.0,20.0,50.0,100.0,100.0,23.367517080431032,100.0,0.95,0.91
863,14.013070298765433,20.0,0.039431,50.0,100.0,100.0,23.367517080431032,10.66,0.86,11.7134
864,14.013070298765433,0.0066988,0.021155,3.29953,100.0,34.6787,23.367517080431032,100.0,0.19763,5.75891
865,14.013070298765433,28.666082115976877,2.07647,28.465,100.0,0.39788,23.367517080431032,2.07,0.29,5.88
866,14.013070298765433,28.666082115976877,50.0,100.0,100.0,0.057645,23.367517080431032,0.361,0.26,0.505
867,14.013070298765433,28.666082115976877,0.107,56.10710891014994,100.0,0.021872,23.367517080431032,0.101,0.029548,0.155
868,14.013070298765433,28.666082115976877,0.0018214,56.10710891014994,100.0,0.048,23.367517080431032,100.0,0.1248799999999999,3.95
869,14.013070298765433,28.666082115976877,0.0084343,56.10710891014994,100.0,0.051665,23.367517080431032,0.229,0.035384,0.0683
870,14.013070298765433,28.666082115976877,0.88468,56.10710891014994,100.0,0.026492,23.367517080431032,100.0,20.0,10.3105
871,14.013070298765433,28.666082115976877,10.178,56.10710891014994,100.0,0.06722,23.367517080431032,100.0,1.7,0.59495
872,14.013070298765433,28.666082115976877,0.062859,56.10710891014994,100.0,0.073479,23.367517080431032,100.0,1.712,0.13854
873,14.013070298765433,28.666082115976877,0.0068683,56.10710891014994,100.0,3.26018,23.367517080431032,100.0,4.4110000000000005,0.58237
874,14.013070298765433,28.666082115976877,40.0,56.10710891014994,100.0,40.0,23.367517080431032,21.866,0.534,0.41662
875,14.013070298765433,28.666082115976877,100.0,56.10710891014994,100.0,0.34599,23.367517080431032,50.0,13.672,3.72421
876,14.013070298765433,28.666082115976877,50.0,56.10710891014994,100.0,0.02058,23.367517080431032,100.0,0.261,0.41249
877,14.013070298765433,28.666082115976877,0.0026208,56.10710891014994,100.0,20.0,23.367517080431032,100.0,50.0,1.24289
878,14.013070298765433,28.666082115976877,50.0,56.10710891014994,12.43,20.0,23.367517080431032,50.0,0.733,6.10343
879,14.013070298765433,28.666082115976877,4.93196,56.10710891014994,100.0,20.0,23.367517080431032,50.0,0.0838,2.98
880,14.013070298765433,28.666082115976877,0.099471,56.10710891014994,100.0,20.0,23.367517080431032,50.0,3.9,1.04295
881,14.013070298765433,28.666082115976877,0.144,56.10710891014994,100.0,20.0,23.367517080431032,100.0,0.8420000000000001,2.14854
882,14.013070298765433,28.666082115976877,100.0,56.10710891014994,100.0,20.0,23.367517080431032,100.0,0.5575,4.82508
883,14.013070298765433,28.666082115976877,0.019483,56.10710891014994,100.0,20.0,23.367517080431032,33.6,0.092421,7.96277
884,14.013070298765433,28.666082115976877,20.0,56.10710891014994,20.0,20.0,23.367517080431032,43.43818882013575,0.15108,10.631642630316742
885,14.013070298765433,28.666082115976877,20.0,56.10710891014994,100.0,0.027186,23.367517080431032,43.43818882013575,1.736,10.631642630316742
886,14.013070298765433,28.666082115976877,0.0053465,56.10710891014994,100.0,100.0,23.367517080431032,43.43818882013575,2.1830000000000003,10.631642630316742
887,14.013070298765433,28.666082115976877,20.0,56.10710891014994,100.0,0.074595,23.367517080431032,43.43818882013575,0.34215,10.631642630316742
888,14.013070298765433,28.666082115976877,0.011,56.10710891014994,100.0,0.081428,23.367517080431032,43.43818882013575,50.0,10.631642630316742
889,14.013070298765433,28.666082115976877,0.004,56.10710891014994,100.0,0.083118,23.367517080431032,43.43818882013575,0.1,10.631642630316742
890,14.013070298765433,28.666082115976877,0.016,56.10710891014994,100.0,0.059409,23.367517080431032,43.43818882013575,0.4566699999999999,10.631642630316742
891,14.013070298765433,28.666082115976877,0.008,56.10710891014994,100.0,100.0,23.367517080431032,43.43818882013575,0.11123,10.631642630316742
892,14.013070298765433,28.666082115976877,0.019,56.10710891014994,100.0,0.33693,23.367517080431032,43.43818882013575,0.17,10.631642630316742
893,14.013070298765433,28.666082115976877,0.018,56.10710891014994,100.0,0.098906,23.367517080431032,43.43818882013575,0.088951,10.631642630316742
894,14.013070298765433,28.666082115976877,0.017,56.10710891014994,100.0,0.014491,23.367517080431032,43.43818882013575,0.076869,10.631642630316742
895,14.013070298765433,28.666082115976877,0.009,56.10710891014994,100.0,0.20166,23.367517080431032,43.43818882013575,0.43,10.631642630316742
896,14.013070298765433,28.666082115976877,100.0,56.10710891014994,100.0,16.966,23.367517080431032,43.43818882013575,0.19528,10.631642630316742
897,14.013070298765433,28.666082115976877,0.107,56.10710891014994,100.0,40.0,23.367517080431032,43.43818882013575,0.45,10.631642630316742
898,14.013070298765433,28.666082115976877,0.0738,56.10710891014994,100.0,0.043241,23.367517080431032,43.43818882013575,0.29,10.631642630316742
899,14.013070298765433,28.666082115976877,50.0,56.10710891014994,100.0,0.22683,23.367517080431032,43.43818882013575,0.45114,10.631642630316742
900,14.013070298765433,28.666082115976877,100.0,56.10710891014994,13.6,0.048407,23.367517080431032,43.43818882013575,0.17,10.631642630316742
901,14.013070298765433,28.666082115976877,0.0052152,56.10710891014994,21.33,7.242303454384017,23.367517080431032,43.43818882013575,0.030347,10.631642630316742
902,14.013070298765433,28.666082115976877,7.0,56.10710891014994,50.0,7.242303454384017,23.367517080431032,43.43818882013575,0.041642,10.631642630316742
903,14.013070298765433,28.666082115976877,4.345,56.10710891014994,100.0,7.242303454384017,23.367517080431032,43.43818882013575,0.022365,10.631642630316742
904,14.013070298765433,28.666082115976877,0.0014717,56.10710891014994,100.0,7.242303454384017,23.367517080431032,43.43818882013575,0.37,10.631642630316742
905,14.013070298765433,28.666082115976877,100.0,56.10710891014994,100.0,7.242303454384017,23.367517080431032,43.43818882013575,0.52,10.631642630316742
906,14.013070298765433,28.666082115976877,0.12432,56.10710891014994,63.328439718543045,7.242303454384017,23.367517080431032,43.43818882013575,0.81,10.631642630316742
907,14.013070298765433,28.666082115976877,20.0,56.10710891014994,63.328439718543045,7.242303454384017,23.367517080431032,43.43818882013575,2.0,10.631642630316742
908,14.013070298765433,28.666082115976877,2.0,56.10710891014994,63.328439718543045,7.242303454384017,23.367517080431032,43.43818882013575,2.0,10.631642630316742
909,14.013070298765433,28.666082115976877,0.0028525,56.10710891014994,63.328439718543045,7.242303454384017,23.367517080431032,43.43818882013575,2.0,10.631642630316742
910,14.013070298765433,28.666082115976877,7.52692,56.10710891014994,63.328439718543045,7.242303454384017,23.367517080431032,43.43818882013575,0.06,10.631642630316742
911,14.013070298765433,28.666082115976877,2.0,56.10710891014994,63.328439718543045,7.242303454384017,23.367517080431032,43.43818882013575,0.05,10.631642630316742
912,14.013070298765433,28.666082115976877,0.002,56.10710891014994,63.328439718543045,7.242303454384017,23.367517080431032,43.43818882013575,0.12,10.631642630316742
913,14.013070298765433,28.666082115976877,2.0,56.10710891014994,63.328439718543045,7.242303454384017,23.367517080431032,43.43818882013575,0.11,10.631642630316742
914,14.013070298765433,28.666082115976877,2.0,56.10710891014994,63.328439718543045,7.242303454384017,23.367517080431032,43.43818882013575,0.43,10.631642630316742
915,14.013070298765433,28.666082115976877,20.0,56.10710891014994,63.328439718543045,7.242303454384017,23.367517080431032,43.43818882013575,0.15,10.631642630316742
916,14.013070298765433,28.666082115976877,2.0,56.10710891014994,63.328439718543045,7.242303454384017,23.367517080431032,43.43818882013575,0.72,10.631642630316742
917,14.013070298765433,28.666082115976877,20.0,56.10710891014994,63.328439718543045,7.242303454384017,23.367517080431032,43.43818882013575,2.0,10.631642630316742
918,14.013070298765433,28.666082115976877,2.0,56.10710891014994,63.328439718543045,7.242303454384017,23.367517080431032,43.43818882013575,2.0,10.631642630316742
919,14.013070298765433,28.666082115976877,0.011867,56.10710891014994,63.328439718543045,7.242303454384017,23.367517080431032,43.43818882013575,0.35,10.631642630316742
920,14.013070298765433,28.666082115976877,0.004,56.10710891014994,63.328439718543045,7.242303454384017,23.367517080431032,43.43818882013575,0.51,10.631642630316742
921,14.013070298765433,28.666082115976877,0.06,56.10710891014994,63.328439718543045,7.242303454384017,23.367517080431032,43.43818882013575,0.59,10.631642630316742
922,14.013070298765433,28.666082115976877,2.0,56.10710891014994,63.328439718543045,7.242303454384017,23.367517080431032,43.43818882013575,2.0,10.631642630316742
923,14.013070298765433,28.666082115976877,2.0,56.10710891014994,63.328439718543045,7.242303454384017,23.367517080431032,43.43818882013575,2.0,10.631642630316742
924,14.013070298765433,28.666082115976877,0.03,56.10710891014994,63.328439718543045,7.242303454384017,23.367517080431032,43.43818882013575,2.0,10.631642630316742
925,14.013070298765433,28.666082115976877,0.03,56.10710891014994,63.328439718543045,7.242303454384017,23.367517080431032,43.43818882013575,2.0,10.631642630316742
926,14.013070298765433,28.666082115976877,2.0,56.10710891014994,63.328439718543045,7.242303454384017,23.367517080431032,43.43818882013575,0.04,10.631642630316742
927,14.013070298765433,28.666082115976877,2.0,56.10710891014994,63.328439718543045,7.242303454384017,23.367517080431032,43.43818882013575,0.06,10.631642630316742
928,14.013070298765433,28.666082115976877,2.0,56.10710891014994,63.328439718543045,7.242303454384017,23.367517080431032,43.43818882013575,0.03,10.631642630316742
929,14.013070298765433,28.666082115976877,2.0,56.10710891014994,63.328439718543045,7.242303454384017,23.367517080431032,43.43818882013575,0.1,10.631642630316742
930,14.013070298765433,28.666082115976877,0.03,56.10710891014994,63.328439718543045,7.242303454384017,23.367517080431032,43.43818882013575,0.71618,10.631642630316742
931,14.013070298765433,28.666082115976877,0.03,56.10710891014994,63.328439718543045,7.242303454384017,23.367517080431032,43.43818882013575,1.52691,10.631642630316742
932,14.013070298765433,28.666082115976877,0.77,56.10710891014994,63.328439718543045,7.242303454384017,23.367517080431032,43.43818882013575,0.028655,10.631642630316742
933,14.013070298765433,28.666082115976877,2.0,56.10710891014994,63.328439718543045,7.242303454384017,23.367517080431032,43.43818882013575,2.0,10.631642630316742
934,14.013070298765433,28.666082115976877,0.01,56.10710891014994,63.328439718543045,7.242303454384017,23.367517080431032,43.43818882013575,2.0,10.631642630316742
935,14.013070298765433,28.666082115976877,2.0,56.10710891014994,63.328439718543045,7.242303454384017,23.367517080431032,43.43818882013575,2.0,10.631642630316742
936,14.013070298765433,28.666082115976877,2.0,56.10710891014994,63.328439718543045,7.242303454384017,23.367517080431032,43.43818882013575,2.0,10.631642630316742
937,14.013070298765433,28.666082115976877,2.0,56.10710891014994,63.328439718543045,7.242303454384017,23.367517080431032,43.43818882013575,1.75457,10.631642630316742
938,14.013070298765433,28.666082115976877,2.0,56.10710891014994,63.328439718543045,7.242303454384017,23.367517080431032,43.43818882013575,0.291,10.631642630316742
939,14.013070298765433,28.666082115976877,2.0,56.10710891014994,63.328439718543045,7.242303454384017,23.367517080431032,43.43818882013575,0.21429,10.631642630316742
940,14.013070298765433,28.666082115976877,2.0,56.10710891014994,63.328439718543045,7.242303454384017,23.367517080431032,43.43818882013575,0.086163,10.631642630316742
941,14.013070298765433,28.666082115976877,2.0,56.10710891014994,63.328439718543045,7.242303454384017,23.367517080431032,43.43818882013575,0.34875,10.631642630316742
942,14.013070298765433,28.666082115976877,2.0,56.10710891014994,63.328439718543045,7.242303454384017,23.367517080431032,43.43818882013575,0.121,10.631642630316742
943,14.013070298765433,28.666082115976877,2.0,56.10710891014994,63.328439718543045,7.242303454384017,23.367517080431032,43.43818882013575,20.0,10.631642630316742
944,14.013070298765433,28.666082115976877,2.0,56.10710891014994,63.328439718543045,7.242303454384017,23.367517080431032,43.43818882013575,20.0,10.631642630316742
945,14.013070298765433,28.666082115976877,2.0,56.10710891014994,63.328439718543045,7.242303454384017,23.367517080431032,43.43818882013575,20.0,10.631642630316742
946,14.013070298765433,28.666082115976877,6.07625,56.10710891014994,63.328439718543045,7.242303454384017,23.367517080431032,43.43818882013575,3.64,10.631642630316742
947,14.013070298765433,28.666082115976877,0.65804,56.10710891014994,63.328439718543045,7.242303454384017,23.367517080431032,43.43818882013575,0.069143,10.631642630316742
948,14.013070298765433,28.666082115976877,2.0,56.10710891014994,63.328439718543045,7.242303454384017,23.367517080431032,43.43818882013575,0.047395,10.631642630316742
949,14.013070298765433,28.666082115976877,2.0,56.10710891014994,63.328439718543045,7.242303454384017,23.367517080431032,43.43818882013575,0.06116,10.631642630316742
950,14.013070298765433,28.666082115976877,2.0,56.10710891014994,63.328439718543045,7.242303454384017,23.367517080431032,43.43818882013575,0.55679,10.631642630316742
951,14.013070298765433,28.666082115976877,2.0,56.10710891014994,63.328439718543045,7.242303454384017,23.367517080431032,43.43818882013575,2.7,10.631642630316742
952,14.013070298765433,28.666082115976877,2.0,56.10710891014994,63.328439718543045,7.242303454384017,23.367517080431032,43.43818882013575,0.28,10.631642630316742
953,14.013070298765433,28.666082115976877,20.0,56.10710891014994,63.328439718543045,7.242303454384017,23.367517080431032,43.43818882013575,1.48,10.631642630316742
954,14.013070298765433,28.666082115976877,0.004,56.10710891014994,63.328439718543045,7.242303454384017,23.367517080431032,43.43818882013575,1.6,10.631642630316742
955,14.013070298765433,28.666082115976877,20.0,56.10710891014994,63.328439718543045,7.242303454384017,23.367517080431032,43.43818882013575,0.79,10.631642630316742
956,14.013070298765433,28.666082115976877,20.0,56.10710891014994,63.328439718543045,7.242303454384017,23.367517080431032,43.43818882013575,0.36163,10.631642630316742
957,14.013070298765433,28.666082115976877,0.527,56.10710891014994,63.328439718543045,7.242303454384017,23.367517080431032,43.43818882013575,0.43,10.631642630316742
958,14.013070298765433,28.666082115976877,20.0,56.10710891014994,63.328439718543045,7.242303454384017,23.367517080431032,43.43818882013575,0.71,10.631642630316742
959,14.013070298765433,28.666082115976877,20.0,56.10710891014994,63.328439718543045,7.242303454384017,23.367517080431032,43.43818882013575,40.0,10.631642630316742
960,14.013070298765433,28.666082115976877,20.0,56.10710891014994,63.328439718543045,7.242303454384017,23.367517080431032,43.43818882013575,2.17,10.631642630316742
961,14.013070298765433,28.666082115976877,20.0,56.10710891014994,63.328439718543045,7.242303454384017,23.367517080431032,43.43818882013575,0.12611,10.631642630316742
962,14.013070298765433,28.666082115976877,4.33263,56.10710891014994,63.328439718543045,7.242303454384017,23.367517080431032,43.43818882013575,0.53,10.631642630316742
963,14.013070298765433,28.666082115976877,0.014714,56.10710891014994,63.328439718543045,7.242303454384017,23.367517080431032,43.43818882013575,0.17702,10.631642630316742
964,14.013070298765433,28.666082115976877,0.001843,56.10710891014994,63.328439718543045,7.242303454384017,23.367517080431032,43.43818882013575,0.028983,10.631642630316742
965,14.013070298765433,28.666082115976877,0.031482,56.10710891014994,63.328439718543045,7.242303454384017,23.367517080431032,43.43818882013575,0.88,10.631642630316742
966,14.013070298765433,28.666082115976877,0.01,56.10710891014994,63.328439718543045,7.242303454384017,23.367517080431032,43.43818882013575,0.38,10.631642630316742
967,14.013070298765433,28.666082115976877,0.08,56.10710891014994,63.328439718543045,7.242303454384017,23.367517080431032,43.43818882013575,0.2,10.631642630316742
968,14.013070298765433,28.666082115976877,0.03,56.10710891014994,63.328439718543045,7.242303454384017,23.367517080431032,43.43818882013575,1.98,10.631642630316742
969,14.013070298765433,28.666082115976877,0.04,56.10710891014994,63.328439718543045,7.242303454384017,23.367517080431032,43.43818882013575,0.07,10.631642630316742
970,14.013070298765433,28.666082115976877,0.06,56.10710891014994,63.328439718543045,7.242303454384017,23.367517080431032,43.43818882013575,2.06,10.631642630316742
971,14.013070298765433,28.666082115976877,0.01,56.10710891014994,63.328439718543045,7.242303454384017,23.367517080431032,43.43818882013575,3.41,10.631642630316742
972,14.013070298765433,28.666082115976877,0.11,56.10710891014994,63.328439718543045,7.242303454384017,23.367517080431032,43.43818882013575,0.56,10.631642630316742
973,14.013070298765433,28.666082115976877,0.02,56.10710891014994,63.328439718543045,7.242303454384017,23.367517080431032,43.43818882013575,0.49,10.631642630316742
974,14.013070298765433,28.666082115976877,0.1,56.10710891014994,63.328439718543045,7.242303454384017,23.367517080431032,43.43818882013575,2.21,10.631642630316742
975,14.013070298765433,28.666082115976877,0.07,56.10710891014994,63.328439718543045,7.242303454384017,23.367517080431032,43.43818882013575,0.24101,10.631642630316742
976,14.013070298765433,28.666082115976877,0.082112,56.10710891014994,63.328439718543045,7.242303454384017,23.367517080431032,43.43818882013575,49.4,10.631642630316742
977,14.013070298765433,28.666082115976877,0.0036869,56.10710891014994,63.328439718543045,7.242303454384017,23.367517080431032,43.43818882013575,3.34723,10.631642630316742
978,14.013070298765433,28.666082115976877,0.121,56.10710891014994,63.328439718543045,7.242303454384017,23.367517080431032,43.43818882013575,1.80688,10.631642630316742
979,14.013070298765433,28.666082115976877,0.01,56.10710891014994,63.328439718543045,7.242303454384017,23.367517080431032,43.43818882013575,0.38439,10.631642630316742
980,14.013070298765433,28.666082115976877,4.13,56.10710891014994,63.328439718543045,7.242303454384017,23.367517080431032,43.43818882013575,0.43175,10.631642630316742
981,14.013070298765433,28.666082115976877,0.04,56.10710891014994,63.328439718543045,7.242303454384017,23.367517080431032,43.43818882013575,1.96374,10.631642630316742
982,14.013070298765433,28.666082115976877,0.0037798,56.10710891014994,63.328439718543045,7.242303454384017,23.367517080431032,43.43818882013575,100.0,10.631642630316742
983,14.013070298765433,28.666082115976877,1.762,56.10710891014994,63.328439718543045,7.242303454384017,23.367517080431032,43.43818882013575,0.0323899999999999,10.631642630316742
984,14.013070298765433,28.666082115976877,0.0014422,56.10710891014994,63.328439718543045,7.242303454384017,23.367517080431032,43.43818882013575,0.88182,10.631642630316742
985,14.013070298765433,28.666082115976877,0.0066943,56.10710891014994,63.328439718543045,7.242303454384017,23.367517080431032,43.43818882013575,0.30762,10.631642630316742
986,14.013070298765433,28.666082115976877,0.02544,56.10710891014994,63.328439718543045,7.242303454384017,23.367517080431032,43.43818882013575,0.16015,10.631642630316742
987,14.013070298765433,28.666082115976877,40.0,56.10710891014994,63.328439718543045,7.242303454384017,23.367517080431032,43.43818882013575,3.98244,10.631642630316742
988,14.013070298765433,28.666082115976877,0.075296,56.10710891014994,63.328439718543045,7.242303454384017,23.367517080431032,43.43818882013575,0.093101,10.631642630316742
989,14.013070298765433,28.666082115976877,0.0023758,56.10710891014994,63.328439718543045,7.242303454384017,23.367517080431032,43.43818882013575,0.35133,10.631642630316742
990,14.013070298765433,28.666082115976877,0.0010308,56.10710891014994,63.328439718543045,7.242303454384017,23.367517080431032,43.43818882013575,100.0,10.631642630316742
991,14.013070298765433,28.666082115976877,9.15377,56.10710891014994,63.328439718543045,7.242303454384017,23.367517080431032,43.43818882013575,100.0,10.631642630316742
992,14.013070298765433,28.666082115976877,0.0112,56.10710891014994,63.328439718543045,7.242303454384017,23.367517080431032,43.43818882013575,100.0,10.631642630316742
993,14.013070298765433,28.666082115976877,50.0,56.10710891014994,63.328439718543045,7.242303454384017,23.367517080431032,43.43818882013575,0.075062,10.631642630316742
994,14.013070298765433,28.666082115976877,6.59187,56.10710891014994,63.328439718543045,7.242303454384017,23.367517080431032,43.43818882013575,0.34934,10.631642630316742
995,14.013070298765433,28.666082115976877,20.0,56.10710891014994,63.328439718543045,7.242303454384017,23.367517080431032,43.43818882013575,0.1793799999999999,10.631642630316742
996,14.013070298765433,28.666082115976877,20.0,56.10710891014994,63.328439718543045,7.242303454384017,23.367517080431032,43.43818882013575,0.083072,10.631642630316742
997,14.013070298765433,28.666082115976877,0.0026703,56.10710891014994,63.328439718543045,7.242303454384017,23.367517080431032,43.43818882013575,0.098,10.631642630316742
998,14.013070298765433,28.666082115976877,50.0,56.10710891014994,63.328439718543045,7.242303454384017,23.367517080431032,43.43818882013575,0.47,10.631642630316742
999,14.013070298765433,28.666082115976877,50.0,56.10710891014994,63.328439718543045,7.242303454384017,23.367517080431032,43.43818882013575,0.16,10.631642630316742
1000,14.013070298765433,28.666082115976877,50.0,56.10710891014994,63.328439718543045,7.242303454384017,23.367517080431032,43.43818882013575,0.03,10.631642630316742
1001,14.013070298765433,28.666082115976877,20.0,56.10710891014994,63.328439718543045,7.242303454384017,23.367517080431032,43.43818882013575,0.9,10.631642630316742
1002,14.013070298765433,28.666082115976877,2.94955,56.10710891014994,63.328439718543045,7.242303454384017,23.367517080431032,43.43818882013575,0.07,10.631642630316742
1003,14.013070298765433,28.666082115976877,0.0080625,56.10710891014994,63.328439718543045,7.242303454384017,23.367517080431032,43.43818882013575,0.163,10.631642630316742
1004,14.013070298765433,28.666082115976877,0.10099,56.10710891014994,63.328439718543045,7.242303454384017,23.367517080431032,43.43818882013575,0.108,10.631642630316742
1005,14.013070298765433,28.666082115976877,6.9039,56.10710891014994,63.328439718543045,7.242303454384017,23.367517080431032,43.43818882013575,0.1157,10.631642630316742
1006,14.013070298765433,28.666082115976877,0.0028487,56.10710891014994,63.328439718543045,7.242303454384017,23.367517080431032,43.43818882013575,0.13334,10.631642630316742
1007,14.013070298765433,28.666082115976877,1.87439,56.10710891014994,63.328439718543045,7.242303454384017,23.367517080431032,43.43818882013575,1.3,10.631642630316742
1008,14.013070298765433,28.666082115976877,50.0,56.10710891014994,63.328439718543045,7.242303454384017,23.367517080431032,43.43818882013575,0.13715,10.631642630316742
1009,14.013070298765433,28.666082115976877,0.058115,56.10710891014994,63.328439718543045,7.242303454384017,23.367517080431032,43.43818882013575,0.053499,10.631642630316742
1010,14.013070298765433,28.666082115976877,100.0,56.10710891014994,63.328439718543045,7.242303454384017,23.367517080431032,43.43818882013575,0.12467,10.631642630316742
1011,14.013070298765433,28.666082115976877,100.0,56.10710891014994,63.328439718543045,7.242303454384017,23.367517080431032,43.43818882013575,0.14,10.631642630316742
1012,14.013070298765433,28.666082115976877,0.005,56.10710891014994,63.328439718543045,7.242303454384017,23.367517080431032,43.43818882013575,100.0,10.631642630316742
1013,14.013070298765433,28.666082115976877,0.032195,56.10710891014994,63.328439718543045,7.242303454384017,23.367517080431032,43.43818882013575,0.39709,10.631642630316742
1014,14.013070298765433,28.666082115976877,0.58574,56.10710891014994,63.328439718543045,7.242303454384017,23.367517080431032,43.43818882013575,0.84,10.631642630316742
1015,14.013070298765433,28.666082115976877,0.023036,56.10710891014994,63.328439718543045,7.242303454384017,23.367517080431032,43.43818882013575,0.36,10.631642630316742
1016,14.013070298765433,28.666082115976877,0.024037,56.10710891014994,63.328439718543045,7.242303454384017,23.367517080431032,43.43818882013575,0.1371099999999999,10.631642630316742
1017,14.013070298765433,28.666082115976877,20.0,56.10710891014994,63.328439718543045,7.242303454384017,23.367517080431032,43.43818882013575,2.24499,10.631642630316742
1018,14.013070298765433,28.666082115976877,0.0038909,56.10710891014994,63.328439718543045,7.242303454384017,23.367517080431032,43.43818882013575,1.22,10.631642630316742
1019,14.013070298765433,28.666082115976877,0.0071304,56.10710891014994,63.328439718543045,7.242303454384017,23.367517080431032,43.43818882013575,1.67,10.631642630316742
1020,14.013070298765433,28.666082115976877,0.0094873,56.10710891014994,63.328439718543045,7.242303454384017,23.367517080431032,43.43818882013575,0.1,10.631642630316742
1021,14.013070298765433,28.666082115976877,0.01,56.10710891014994,63.328439718543045,7.242303454384017,23.367517080431032,43.43818882013575,2.05,10.631642630316742
1022,14.013070298765433,28.666082115976877,0.08,56.10710891014994,63.328439718543045,7.242303454384017,23.367517080431032,43.43818882013575,2.2,10.631642630316742
1023,14.013070298765433,28.666082115976877,0.07,56.10710891014994,63.328439718543045,7.242303454384017,23.367517080431032,43.43818882013575,20.0,10.631642630316742
1024,14.013070298765433,28.666082115976877,0.04,56.10710891014994,63.328439718543045,7.242303454384017,23.367517080431032,43.43818882013575,20.0,10.631642630316742
1025,14.013070298765433,28.666082115976877,0.08,56.10710891014994,63.328439718543045,7.242303454384017,23.367517080431032,43.43818882013575,20.0,10.631642630316742
1026,14.013070298765433,28.666082115976877,0.08,56.10710891014994,63.328439718543045,7.242303454384017,23.367517080431032,43.43818882013575,20.0,10.631642630316742
1027,14.013070298765433,28.666082115976877,20.0,56.10710891014994,63.328439718543045,7.242303454384017,23.367517080431032,43.43818882013575,20.0,10.631642630316742
1028,14.013070298765433,28.666082115976877,20.0,56.10710891014994,63.328439718543045,7.242303454384017,23.367517080431032,43.43818882013575,20.0,10.631642630316742
1029,14.013070298765433,28.666082115976877,20.0,56.10710891014994,63.328439718543045,7.242303454384017,23.367517080431032,43.43818882013575,20.0,10.631642630316742
1030,14.013070298765433,28.666082115976877,20.0,56.10710891014994,63.328439718543045,7.242303454384017,23.367517080431032,43.43818882013575,20.0,10.631642630316742
1031,14.013070298765433,28.666082115976877,20.0,56.10710891014994,63.328439718543045,7.242303454384017,23.367517080431032,43.43818882013575,1.15,10.631642630316742
1032,14.013070298765433,28.666082115976877,20.0,56.10710891014994,63.328439718543045,7.242303454384017,23.367517080431032,43.43818882013575,1.74,10.631642630316742
1033,14.013070298765433,28.666082115976877,20.0,56.10710891014994,63.328439718543045,7.242303454384017,23.367517080431032,43.43818882013575,1.55042,10.631642630316742
1034,14.013070298765433,28.666082115976877,20.0,56.10710891014994,63.328439718543045,7.242303454384017,23.367517080431032,43.43818882013575,0.81,10.631642630316742
1035,14.013070298765433,28.666082115976877,0.1,56.10710891014994,63.328439718543045,7.242303454384017,23.367517080431032,43.43818882013575,1.39,10.631642630316742
1036,14.013070298765433,28.666082115976877,0.05,56.10710891014994,63.328439718543045,7.242303454384017,23.367517080431032,43.43818882013575,0.32,10.631642630316742
1037,14.013070298765433,28.666082115976877,0.13,56.10710891014994,63.328439718543045,7.242303454384017,23.367517080431032,43.43818882013575,0.59,10.631642630316742
1038,14.013070298765433,28.666082115976877,0.01,56.10710891014994,63.328439718543045,7.242303454384017,23.367517080431032,43.43818882013575,0.089891,10.631642630316742
1039,14.013070298765433,28.666082115976877,0.11,56.10710891014994,63.328439718543045,7.242303454384017,23.367517080431032,43.43818882013575,100.0,10.631642630316742
1040,14.013070298765433,28.666082115976877,0.02,56.10710891014994,63.328439718543045,7.242303454384017,23.367517080431032,43.43818882013575,0.2695,10.631642630316742
1041,14.013070298765433,28.666082115976877,0.071244,56.10710891014994,63.328439718543045,7.242303454384017,23.367517080431032,43.43818882013575,1.01,10.631642630316742
1042,14.013070298765433,28.666082115976877,0.0036232,56.10710891014994,63.328439718543045,7.242303454384017,23.367517080431032,43.43818882013575,1.17,10.631642630316742
1043,14.013070298765433,28.666082115976877,4.86,56.10710891014994,63.328439718543045,7.242303454384017,23.367517080431032,43.43818882013575,100.0,10.631642630316742
1044,14.013070298765433,28.666082115976877,100.0,56.10710891014994,63.328439718543045,7.242303454384017,23.367517080431032,43.43818882013575,1.05,10.631642630316742
1045,14.013070298765433,28.666082115976877,100.0,56.10710891014994,63.328439718543045,7.242303454384017,23.367517080431032,43.43818882013575,0.998,10.631642630316742
1046,14.013070298765433,28.666082115976877,100.0,56.10710891014994,63.328439718543045,7.242303454384017,23.367517080431032,43.43818882013575,0.25466,10.631642630316742
1047,14.013070298765433,28.666082115976877,100.0,56.10710891014994,63.328439718543045,7.242303454384017,23.367517080431032,43.43818882013575,0.12451,10.631642630316742
1048,14.013070298765433,28.666082115976877,0.0037074,56.10710891014994,63.328439718543045,7.242303454384017,23.367517080431032,43.43818882013575,0.85505,10.631642630316742
1049,14.013070298765433,28.666082115976877,8.74102,56.10710891014994,63.328439718543045,7.242303454384017,23.367517080431032,43.43818882013575,0.050566,10.631642630316742
1050,14.013070298765433,28.666082115976877,0.90267,56.10710891014994,63.328439718543045,7.242303454384017,23.367517080431032,43.43818882013575,0.5072300000000001,10.631642630316742
1051,14.013070298765433,28.666082115976877,13.1141,56.10710891014994,63.328439718543045,7.242303454384017,23.367517080431032,43.43818882013575,0.82735,10.631642630316742
1052,14.013070298765433,28.666082115976877,20.0,56.10710891014994,63.328439718543045,7.242303454384017,23.367517080431032,43.43818882013575,0.1759599999999999,10.631642630316742
1053,14.013070298765433,28.666082115976877,0.46204,56.10710891014994,63.328439718543045,7.242303454384017,23.367517080431032,43.43818882013575,2.45451,10.631642630316742
1054,14.013070298765433,28.666082115976877,0.012586,56.10710891014994,63.328439718543045,7.242303454384017,23.367517080431032,43.43818882013575,8.06356,10.631642630316742
1055,14.013070298765433,28.666082115976877,2.25679,56.10710891014994,63.328439718543045,7.242303454384017,23.367517080431032,43.43818882013575,0.30574,10.631642630316742
1056,14.013070298765433,28.666082115976877,0.05378,56.10710891014994,63.328439718543045,7.242303454384017,23.367517080431032,43.43818882013575,0.0765059999999999,10.631642630316742
1057,14.013070298765433,28.666082115976877,0.028574,56.10710891014994,63.328439718543045,7.242303454384017,23.367517080431032,43.43818882013575,0.92606,10.631642630316742
1058,14.013070298765433,28.666082115976877,3.2,56.10710891014994,63.328439718543045,7.242303454384017,23.367517080431032,43.43818882013575,0.2497199999999999,10.631642630316742
1059,14.013070298765433,28.666082115976877,0.0011623,56.10710891014994,63.328439718543045,7.242303454384017,23.367517080431032,43.43818882013575,7.473580166194523,10.631642630316742
1060,14.013070298765433,28.666082115976877,0.064843,56.10710891014994,63.328439718543045,7.242303454384017,23.367517080431032,43.43818882013575,7.473580166194523,10.631642630316742
