,aa,position
0,M,1.0
1,R,2.0
2,V,3.0
3,K,4.0
4,E,5.0
5,-,
6,-,
7,-,
8,-,
9,K,6.0
10,Y,7.0
11,Q,8.0
12,H,9.0
13,L,10.0
14,-,
15,-,
16,-,
17,-,
18,-,
19,-,
20,-,
21,-,
22,W,11.0
23,R,12.0
24,W,13.0
25,G,14.0
26,-,
27,W,15.0
28,R,16.0
29,W,17.0
30,G,18.0
31,T,19.0
32,M,20.0
33,L,21.0
34,L,22.0
35,G,23.0
36,-,
37,M,24.0
38,L,25.0
39,M,26.0
40,I,27.0
41,-,
42,-,
43,-,
44,C,28.0
45,S,29.0
46,A,30.0
47,T,31.0
48,-,
49,-,
50,-,
51,-,
52,E,32.0
53,K,33.0
54,L,34.0
55,W,35.0
56,V,36.0
57,T,37.0
58,V,38.0
59,Y,39.0
60,Y,40.0
61,G,41.0
62,V,42.0
63,P,43.0
64,V,44.0
65,W,45.0
66,K,46.0
67,E,47.0
68,A,48.0
69,T,49.0
70,-,
71,-,
72,T,50.0
73,T,51.0
74,L,52.0
75,F,53.0
76,C,54.0
77,A,55.0
78,S,56.0
79,D,57.0
80,A,58.0
81,K,59.0
82,A,60.0
83,Y,61.0
84,D,62.0
85,T,63.0
86,E,64.0
87,V,65.0
88,H,66.0
89,N,67.0
90,V,68.0
91,W,69.0
92,A,70.0
93,T,71.0
94,H,72.0
95,A,73.0
96,C,74.0
97,V,75.0
98,P,76.0
99,T,77.0
100,D,78.0
101,P,79.0
102,N,80.0
103,P,81.0
104,Q,82.0
105,E,83.0
106,V,84.0
107,V,85.0
108,L,86.0
109,-,
110,-,
111,-,
112,V,87.0
113,N,88.0
114,V,89.0
115,T,90.0
116,E,91.0
117,N,92.0
118,F,93.0
119,N,94.0
120,M,95.0
121,W,96.0
122,K,97.0
123,N,98.0
124,D,99.0
125,M,100.0
126,V,101.0
127,E,102.0
128,Q,103.0
129,M,104.0
130,H,105.0
131,E,106.0
132,D,107.0
133,I,108.0
134,I,109.0
135,S,110.0
136,L,111.0
137,W,112.0
138,D,113.0
139,Q,114.0
140,S,115.0
141,L,116.0
142,K,117.0
143,P,118.0
144,C,119.0
145,V,120.0
146,K,121.0
147,L,122.0
148,T,123.0
149,P,124.0
150,L,125.0
151,C,126.0
152,V,127.0
153,S,128.0
154,L,129.0
155,K,130.0
156,C,131.0
157,T,132.0
158,D,133.0
159,L,134.0
160,K,135.0
161,-,
162,-,
163,-,
164,-,
165,-,
166,-,
167,N,136.0
168,D,137.0
169,T,138.0
170,N,139.0
171,T,140.0
172,N,141.0
173,-,
174,-,
175,S,142.0
176,S,143.0
177,S,144.0
178,-,
179,-,
180,-,
181,-,
182,-,
183,-,
184,-,
185,-,
186,-,
187,-,
188,-,
189,-,
190,-,
191,-,
192,-,
193,-,
194,-,
195,G,145.0
196,R,146.0
197,M,147.0
198,I,148.0
199,M,149.0
200,E,150.0
201,K,151.0
202,G,152.0
203,E,153.0
204,I,154.0
205,K,155.0
206,N,156.0
207,C,157.0
208,S,158.0
209,F,159.0
210,N,160.0
211,I,161.0
212,S,162.0
213,T,163.0
214,S,164.0
215,I,165.0
216,-,
217,R,166.0
218,G,167.0
219,K,168.0
220,V,169.0
221,Q,170.0
222,K,171.0
223,E,172.0
224,Y,173.0
225,A,174.0
226,F,175.0
227,F,176.0
228,Y,177.0
229,K,178.0
230,L,179.0
231,D,180.0
232,I,181.0
233,I,182.0
234,P,183.0
235,I,184.0
236,D,185.0
237,N,186.0
238,-,
239,-,
240,-,
241,-,
242,-,
243,-,
244,-,
245,-,
246,-,
247,-,
248,-,
249,-,
250,-,
251,-,
252,-,
253,-,
254,-,
255,-,
256,-,
257,-,
258,-,
259,-,
260,-,
261,-,
262,-,
263,-,
264,D,187.0
265,T,188.0
266,T,189.0
267,S,190.0
268,Y,191.0
269,K,192.0
270,L,193.0
271,T,194.0
272,S,195.0
273,C,196.0
274,N,197.0
275,T,198.0
276,S,199.0
277,V,200.0
278,I,201.0
279,T,202.0
280,Q,203.0
281,A,204.0
282,C,205.0
283,P,206.0
284,K,207.0
285,V,208.0
286,S,209.0
287,F,210.0
288,E,211.0
289,P,212.0
290,I,213.0
291,P,214.0
292,I,215.0
293,H,216.0
294,Y,217.0
295,C,218.0
296,A,219.0
297,P,220.0
298,A,221.0
299,G,222.0
300,F,223.0
301,A,224.0
302,I,225.0
303,L,226.0
304,-,
305,-,
306,-,
307,-,
308,-,
309,-,
310,-,
311,-,
312,K,227.0
313,C,228.0
314,N,229.0
315,N,230.0
316,K,231.0
317,T,232.0
318,F,233.0
319,N,234.0
320,G,235.0
321,T,236.0
322,G,237.0
323,P,238.0
324,C,239.0
325,T,240.0
326,N,241.0
327,V,242.0
328,S,243.0
329,T,244.0
330,V,245.0
331,Q,246.0
332,C,247.0
333,T,248.0
334,H,249.0
335,G,250.0
336,I,251.0
337,R,252.0
338,-,
339,P,253.0
340,V,254.0
341,V,255.0
342,S,256.0
343,T,257.0
344,Q,258.0
345,L,259.0
346,L,260.0
347,L,261.0
348,N,262.0
349,G,263.0
350,S,264.0
351,L,265.0
352,A,266.0
353,E,267.0
354,-,
355,E,268.0
356,E,269.0
357,V,270.0
358,V,271.0
359,I,272.0
360,R,273.0
361,S,274.0
362,V,275.0
363,N,276.0
364,F,277.0
365,T,278.0
366,D,279.0
367,N,280.0
368,A,281.0
369,K,282.0
370,T,283.0
371,I,284.0
372,I,285.0
373,V,286.0
374,Q,287.0
375,L,288.0
376,N,289.0
377,T,290.0
378,S,291.0
379,V,292.0
380,E,293.0
381,I,294.0
382,N,295.0
383,C,296.0
384,T,297.0
385,R,298.0
386,P,299.0
387,N,300.0
388,N,301.0
389,N,302.0
390,T,303.0
391,R,304.0
392,-,
393,K,305.0
394,R,306.0
395,I,307.0
396,R,308.0
397,I,309.0
398,Q,310.0
399,R,311.0
400,G,312.0
401,P,313.0
402,G,314.0
403,R,315.0
404,A,316.0
405,F,317.0
406,V,318.0
407,T,319.0
408,I,320.0
409,G,321.0
410,-,
411,-,
412,-,
413,-,
414,K,322.0
415,-,
416,-,
417,I,323.0
418,G,324.0
419,N,325.0
420,M,326.0
421,R,327.0
422,Q,328.0
423,A,329.0
424,H,330.0
425,C,331.0
426,N,332.0
427,I,333.0
428,-,
429,S,334.0
430,R,335.0
431,A,336.0
432,K,337.0
433,W,338.0
434,N,339.0
435,N,340.0
436,T,341.0
437,L,342.0
438,K,343.0
439,Q,344.0
440,I,345.0
441,A,346.0
442,S,347.0
443,-,
444,K,348.0
445,L,349.0
446,R,350.0
447,E,351.0
448,Q,352.0
449,F,353.0
450,G,354.0
451,N,355.0
452,N,356.0
453,-,
454,-,
455,-,
456,-,
457,-,
458,K,357.0
459,T,358.0
460,-,
461,-,
462,-,
463,I,359.0
464,I,360.0
465,F,361.0
466,K,362.0
467,-,
468,-,
469,-,
470,Q,363.0
471,S,364.0
472,S,365.0
473,G,366.0
474,G,367.0
475,D,368.0
476,P,369.0
477,E,370.0
478,I,371.0
479,V,372.0
480,T,373.0
481,-,
482,H,374.0
483,S,375.0
484,F,376.0
485,N,377.0
486,C,378.0
487,G,379.0
488,G,380.0
489,E,381.0
490,-,
491,-,
492,-,
493,-,
494,-,
495,-,
496,-,
497,-,
498,F,382.0
499,F,383.0
500,Y,384.0
501,C,385.0
502,N,386.0
503,S,387.0
504,T,388.0
505,Q,389.0
506,L,390.0
507,-,
508,F,391.0
509,N,392.0
510,S,393.0
511,T,394.0
512,W,395.0
513,F,396.0
514,N,397.0
515,S,398.0
516,T,399.0
517,W,400.0
518,-,
519,-,
520,-,
521,-,
522,-,
523,-,
524,-,
525,-,
526,-,
527,-,
528,-,
529,-,
530,S,401.0
531,T,402.0
532,E,403.0
533,G,404.0
534,S,405.0
535,N,406.0
536,N,407.0
537,T,408.0
538,E,409.0
539,G,410.0
540,S,411.0
541,D,412.0
542,T,413.0
543,I,414.0
544,T,415.0
545,L,416.0
546,P,417.0
547,C,418.0
548,R,419.0
549,I,420.0
550,K,421.0
551,Q,422.0
552,I,423.0
553,I,424.0
554,-,
555,N,425.0
556,M,426.0
557,W,427.0
558,Q,428.0
559,K,429.0
560,V,430.0
561,G,431.0
562,K,432.0
563,A,433.0
564,M,434.0
565,Y,435.0
566,A,436.0
567,P,437.0
568,P,438.0
569,I,439.0
570,-,
571,S,440.0
572,G,441.0
573,-,
574,Q,442.0
575,I,443.0
576,R,444.0
577,C,445.0
578,S,446.0
579,S,447.0
580,N,448.0
581,I,449.0
582,T,450.0
583,G,451.0
584,L,452.0
585,L,453.0
586,L,454.0
587,T,455.0
588,R,456.0
589,D,457.0
590,G,458.0
591,G,459.0
592,-,
593,-,
594,-,
595,-,
596,-,
597,-,
598,-,
599,-,
600,-,
601,-,
602,-,
603,-,
604,-,
605,-,
606,-,
607,-,
608,N,460.0
609,S,461.0
610,N,462.0
611,N,463.0
612,E,464.0
613,S,465.0
614,E,466.0
615,I,467.0
616,F,468.0
617,R,469.0
618,P,470.0
619,G,471.0
620,G,472.0
621,G,473.0
622,D,474.0
623,M,475.0
624,R,476.0
625,-,
626,D,477.0
627,N,478.0
628,W,479.0
629,R,480.0
630,S,481.0
631,E,482.0
632,L,483.0
633,Y,484.0
634,K,485.0
635,Y,486.0
636,K,487.0
637,V,488.0
638,V,489.0
639,K,490.0
640,I,491.0
641,E,492.0
642,P,493.0
643,L,494.0
644,G,495.0
645,V,496.0
646,A,497.0
647,P,498.0
648,T,499.0
649,K,500.0
650,A,501.0
651,K,502.0
652,R,503.0
653,R,504.0
654,V,505.0
655,V,506.0
656,Q,507.0
657,-,
658,-,
659,-,
660,-,
661,-,
662,R,508.0
663,E,509.0
664,K,510.0
665,R,511.0
666,A,512.0
667,-,
668,V,513.0
669,G,514.0
670,-,
671,I,515.0
672,G,516.0
673,-,
674,A,517.0
675,L,518.0
676,-,
677,F,519.0
678,L,520.0
679,G,521.0
680,F,522.0
681,L,523.0
682,G,524.0
683,A,525.0
684,A,526.0
685,G,527.0
686,S,528.0
687,T,529.0
688,M,530.0
689,G,531.0
690,A,532.0
691,A,533.0
692,S,534.0
693,M,535.0
694,T,536.0
695,L,537.0
696,T,538.0
697,V,539.0
698,Q,540.0
699,A,541.0
700,R,542.0
701,Q,543.0
702,L,544.0
703,L,545.0
704,S,546.0
705,G,547.0
706,I,548.0
707,V,549.0
708,Q,550.0
709,Q,551.0
710,Q,552.0
711,N,553.0
712,N,554.0
713,L,555.0
714,L,556.0
715,R,557.0
716,A,558.0
717,I,559.0
718,E,560.0
719,A,561.0
720,Q,562.0
721,Q,563.0
722,H,564.0
723,L,565.0
724,L,566.0
725,Q,567.0
726,L,568.0
727,T,569.0
728,V,570.0
729,W,571.0
730,G,572.0
731,I,573.0
732,K,574.0
733,Q,575.0
734,L,576.0
735,Q,577.0
736,A,578.0
737,R,579.0
738,I,580.0
739,L,581.0
740,A,582.0
741,V,583.0
742,E,584.0
743,R,585.0
744,Y,586.0
745,L,587.0
746,K,588.0
747,D,589.0
748,Q,590.0
749,Q,591.0
750,L,592.0
751,L,593.0
752,G,594.0
753,I,595.0
754,W,596.0
755,G,597.0
756,C,598.0
757,S,599.0
758,G,600.0
759,K,601.0
760,L,602.0
761,I,603.0
762,C,604.0
763,T,605.0
764,T,606.0
765,A,607.0
766,V,608.0
767,P,609.0
768,W,610.0
769,N,611.0
770,A,612.0
771,S,613.0
772,W,614.0
773,S,615.0
774,-,
775,-,
776,-,
777,-,
778,-,
779,N,616.0
780,K,617.0
781,S,618.0
782,-,
783,-,
784,-,
785,L,619.0
786,E,620.0
787,Q,621.0
788,I,622.0
789,W,623.0
790,N,624.0
791,-,
792,H,625.0
793,T,626.0
794,T,627.0
795,W,628.0
796,M,629.0
797,E,630.0
798,W,631.0
799,D,632.0
800,R,633.0
801,E,634.0
802,I,635.0
803,N,636.0
804,N,637.0
805,Y,638.0
806,T,639.0
807,S,640.0
808,L,641.0
809,I,642.0
810,H,643.0
811,S,644.0
812,L,645.0
813,I,646.0
814,E,647.0
815,E,648.0
816,S,649.0
817,Q,650.0
818,N,651.0
819,Q,652.0
820,Q,653.0
821,E,654.0
822,K,655.0
823,N,656.0
824,E,657.0
825,Q,658.0
826,E,659.0
827,L,660.0
828,L,661.0
829,E,662.0
830,L,663.0
831,D,664.0
832,K,665.0
833,W,666.0
834,A,667.0
835,S,668.0
836,L,669.0
837,W,670.0
838,N,671.0
839,W,672.0
840,F,673.0
841,N,674.0
842,I,675.0
843,T,676.0
844,N,677.0
845,W,678.0
846,L,679.0
847,W,680.0
848,Y,681.0
849,I,682.0
850,K,683.0
851,L,684.0
852,F,685.0
853,I,686.0
854,M,687.0
855,I,688.0
856,V,689.0
857,G,690.0
858,G,691.0
859,L,692.0
860,V,693.0
861,G,694.0
862,L,695.0
863,R,696.0
864,I,697.0
865,V,698.0
866,F,699.0
867,A,700.0
868,V,701.0
869,L,702.0
870,S,703.0
871,I,704.0
872,V,705.0
873,N,706.0
874,R,707.0
875,V,708.0
876,R,709.0
877,Q,710.0
878,G,711.0
879,Y,712.0
880,S,713.0
881,P,714.0
882,L,715.0
883,S,716.0
884,F,717.0
885,Q,718.0
886,T,719.0
887,H,720.0
888,L,721.0
889,P,722.0
890,T,723.0
891,-,
892,P,724.0
893,R,725.0
894,G,726.0
895,-,
896,P,727.0
897,D,728.0
898,R,729.0
899,P,730.0
900,E,731.0
901,G,732.0
902,I,733.0
903,E,734.0
904,E,735.0
905,E,736.0
906,G,737.0
907,G,738.0
908,E,739.0
909,R,740.0
910,D,741.0
911,R,742.0
912,D,743.0
913,R,744.0
914,-,
915,-,
916,S,745.0
917,I,746.0
918,R,747.0
919,L,748.0
920,V,749.0
921,N,750.0
922,G,751.0
923,S,752.0
924,L,753.0
925,A,754.0
926,L,755.0
927,I,756.0
928,W,757.0
929,D,758.0
930,D,759.0
931,L,760.0
932,R,761.0
933,S,762.0
934,L,763.0
935,C,764.0
936,L,765.0
937,F,766.0
938,S,767.0
939,Y,768.0
940,H,769.0
941,R,770.0
942,L,771.0
943,R,772.0
944,D,773.0
945,L,774.0
946,L,775.0
947,L,776.0
948,I,777.0
949,V,778.0
950,T,779.0
951,R,780.0
952,I,781.0
953,V,782.0
954,E,783.0
955,L,784.0
956,L,785.0
957,G,786.0
958,R,787.0
959,-,
960,-,
961,-,
962,-,
963,-,
964,-,
965,-,
966,R,788.0
967,G,789.0
968,W,790.0
969,E,791.0
970,A,792.0
971,L,793.0
972,K,794.0
973,Y,795.0
974,W,796.0
975,W,797.0
976,N,798.0
977,L,799.0
978,L,800.0
979,Q,801.0
980,Y,802.0
981,W,803.0
982,S,804.0
983,Q,805.0
984,E,806.0
985,L,807.0
986,K,808.0
987,N,809.0
988,S,810.0
989,A,811.0
990,V,812.0
991,S,813.0
992,L,814.0
993,L,815.0
994,N,816.0
995,A,817.0
996,T,818.0
997,A,819.0
998,I,820.0
999,A,821.0
1000,V,822.0
1001,A,823.0
1002,E,824.0
1003,G,825.0
1004,T,826.0
1005,D,827.0
1006,R,828.0
1007,V,829.0
1008,I,830.0
1009,E,831.0
1010,V,832.0
1011,V,833.0
1012,Q,834.0
1013,G,835.0
1014,A,836.0
1015,C,837.0
1016,R,838.0
1017,A,839.0
1018,I,840.0
1019,R,841.0
1020,H,842.0
1021,I,843.0
1022,P,844.0
1023,R,845.0
1024,R,846.0
1025,I,847.0
1026,R,848.0
1027,Q,849.0
1028,G,850.0
1029,L,851.0
1030,E,852.0
1031,R,853.0
1032,I,854.0
1033,L,855.0
1034,L,856.0
1035,-,
1036,*,
